campaign_id,campaign_name,channel,spend_amount,touches,leads,conversions,attributed_revenue,cost_per_touch,cost_per_lead,cost_per_conversion,roi_multiplier
1,Campaign_1,Conference,69413,1045,109,28,22912,66.423923444976,636.816513761467,2479.035714285714,0.330082261247
2,Campaign_2,Email,6876,1060,113,27,18299,6.486792452830,60.849557522123,254.666666666666,2.661285631180
3,Campaign_3,Email,1343,959,101,19,12621,1.400417101147,13.297029702970,70.684210526315,9.397617274758
4,Campaign_4,Email,1892,717,74,22,16130,2.638772663877,25.567567567567,86.000000000000,8.525369978858
5,Campaign_5,Webinar,2530,936,93,22,18268,2.702991452991,27.204301075268,115.000000000000,7.220553359683
6,Campaign_6,Conference,1312,962,105,26,18092,1.363825363825,12.495238095238,50.461538461538,13.789634146341
7,Campaign_7,Website,528,1018,101,21,15987,0.518664047151,5.227722772277,25.142857142857,30.278409090909
8,Campaign_8,Paid Ads,5675,854,74,14,16597,6.645199063231,76.689189189189,405.357142857142,2.924581497797
9,Campaign_9,Website,42701,812,95,27,23977,52.587438423645,449.484210526315,1581.518518518518,0.561509098147
10,Campaign_10,Social Media,1490,901,91,24,21139,1.653718091009,16.373626373626,62.083333333333,14.187248322147
11,Campaign_11,Email,1151,1017,109,24,16850,1.131760078662,10.559633027522,47.958333333333,14.639443961772
12,Campaign_12,Social Media,28874,958,93,25,24342,30.139874739039,310.473118279569,1154.960000000000,0.843042183279
13,Campaign_13,Paid Ads,48642,1140,111,23,11287,42.668421052631,438.216216216216,2114.869565217391,0.232042267998
14,Campaign_14,Email,11179,968,97,23,15528,11.548553719008,115.247422680412,486.043478260869,1.389033008319
15,Campaign_15,Webinar,37284,874,99,22,9409,42.659038901601,376.606060606060,1694.727272727272,0.252360261774
16,Campaign_16,Email,22602,1153,119,23,14836,19.602775368603,189.932773109243,982.695652173913,0.656402088310
17,Campaign_17,Webinar,33931,1003,99,20,18195,33.829511465603,342.737373737373,1696.550000000000,0.536235301052
18,Campaign_18,Webinar,369,1055,115,35,20710,0.349763033175,3.208695652173,10.542857142857,56.124661246612
19,Campaign_19,Webinar,720,951,98,24,20996,0.757097791798,7.346938775510,30.000000000000,29.161111111111
20,Campaign_20,Paid Ads,54542,893,88,22,14925,61.077267637178,619.795454545454,2479.181818181818,0.273642330680
21,Campaign_21,Paid Ads,5135,952,98,27,24814,5.393907563025,52.397959183673,190.185185185185,4.832327166504
22,Campaign_22,Webinar,47520,914,92,23,16629,51.991247264770,516.521739130434,2066.086956521739,0.349936868686
23,Campaign_23,Paid Ads,20585,845,90,16,9410,24.360946745562,228.722222222222,1286.562500000000,0.457128977410
24,Campaign_24,Paid Ads,1183,812,89,24,21578,1.456896551724,13.292134831460,49.291666666666,18.240067624683
25,Campaign_25,Email,45059,1135,107,26,19170,39.699559471365,421.112149532710,1733.038461538461,0.425442198007
26,Campaign_26,Webinar,38742,891,90,22,15931,43.481481481481,430.466666666666,1761.000000000000,0.411207475091
27,Campaign_27,Email,237,822,89,22,18960,0.288321167883,2.662921348314,10.772727272727,80.000000000000
28,Campaign_28,Webinar,527,1034,99,21,17671,0.509671179883,5.323232323232,25.095238095238,33.531309297912
29,Campaign_29,Conference,26754,995,94,25,22655,26.888442211055,284.617021276595,1070.160000000000,0.846789265156
30,Campaign_30,Paid Ads,1399,942,98,19,13787,1.485138004246,14.275510204081,73.631578947368,9.854896354538
31,Campaign_31,Paid Ads,1113,799,92,25,15164,1.392991239048,12.097826086956,44.520000000000,13.624438454627
32,Campaign_32,Referral,653,975,106,25,18814,0.669743589743,6.160377358490,26.120000000000,28.811638591117
33,Campaign_33,Social Media,236,735,85,20,11153,0.321088435374,2.776470588235,11.800000000000,47.258474576271
34,Campaign_34,Website,1172,913,94,28,23822,1.283680175246,12.468085106382,41.857142857142,20.325938566552
35,Campaign_35,Social Media,1795,926,94,30,25839,1.938444924406,19.095744680851,59.833333333333,14.394986072423
36,Campaign_36,Email,6036,849,88,27,17770,7.109540636042,68.590909090909,223.555555555555,2.944002650762
37,Campaign_37,Email,7068,978,113,28,16495,7.226993865030,62.548672566371,252.428571428571,2.333757781550
38,Campaign_38,Paid Ads,53648,806,84,23,20381,66.560794044665,638.666666666666,2332.521739130434,0.379902326274
39,Campaign_39,Email,43001,998,91,24,16943,43.087174348697,472.538461538461,1791.708333333333,0.394014092695
40,Campaign_40,Paid Ads,1263,808,84,21,18315,1.563118811881,15.035714285714,60.142857142857,14.501187648456
41,Campaign_41,Paid Ads,14516,1142,121,35,24016,12.711033274956,119.966942148760,414.742857142857,1.654450261780
42,Campaign_42,Paid Ads,2317,981,95,24,15498,2.361875637104,24.389473684210,96.541666666666,6.688821752265
43,Campaign_43,Conference,10396,910,96,21,14571,11.424175824175,108.291666666666,495.047619047619,1.401596767987
44,Campaign_44,Conference,23546,1116,115,29,22195,21.098566308243,204.747826086956,811.931034482758,0.942622950819
45,Campaign_45,Paid Ads,897,923,98,22,16466,0.971830985915,9.153061224489,40.772727272727,18.356744704570
46,Campaign_46,Social Media,1263,1038,104,18,11247,1.216763005780,12.144230769230,70.166666666666,8.904988123515
47,Campaign_47,Paid Ads,35561,918,92,23,19164,38.737472766884,386.532608695652,1546.130434782608,0.538904980174
48,Campaign_48,Social Media,8183,1005,106,29,25158,8.142288557213,77.198113207547,282.172413793103,3.074422583404
49,Campaign_49,Email,5930,949,98,20,23312,6.248682824025,60.510204081632,296.500000000000,3.931197301854
50,Campaign_50,Referral,31572,916,98,21,15800,34.467248908296,322.163265306122,1503.428571428571,0.500443430888
51,Campaign_51,Webinar,748,1021,108,30,20504,0.732615083251,6.925925925925,24.933333333333,27.411764705882
52,Campaign_52,Paid Ads,3312,1000,105,31,25768,3.312000000000,31.542857142857,106.838709677419,7.780193236714
53,Campaign_53,Email,1485,862,95,25,24304,1.722737819025,15.631578947368,59.400000000000,16.366329966329
54,Campaign_54,Paid Ads,415,917,91,23,16846,0.452562704471,4.560439560439,18.043478260869,40.592771084337
55,Campaign_55,Email,1370,1137,121,35,24912,1.204925241864,11.322314049586,39.142857142857,18.183941605839
56,Campaign_56,Email,535,1052,113,29,23777,0.508555133079,4.734513274336,18.448275862068,44.442990654205
57,Campaign_57,Webinar,1391,923,104,27,18767,1.507042253521,13.375000000000,51.518518518518,13.491732566498
58,Campaign_58,Paid Ads,291,769,77,15,13077,0.378413524057,3.779220779220,19.400000000000,44.938144329896
59,Campaign_59,Webinar,552,1127,117,33,26080,0.489795918367,4.717948717948,16.727272727272,47.246376811594
60,Campaign_60,Website,770,828,91,18,13241,0.929951690821,8.461538461538,42.777777777777,17.196103896103
61,Campaign_61,Paid Ads,7959,920,101,26,21767,8.651086956521,78.801980198019,306.115384615384,2.734891318004
62,Campaign_62,Webinar,980,1140,112,30,19630,0.859649122807,8.750000000000,32.666666666666,20.030612244897
63,Campaign_63,Email,38130,1100,110,35,21828,34.663636363636,346.636363636363,1089.428571428571,0.572462627852
64,Campaign_64,Conference,37088,1000,110,26,19963,37.088000000000,337.163636363636,1426.461538461538,0.538260353753
65,Campaign_65,Paid Ads,692,853,80,19,16640,0.811254396248,8.650000000000,36.421052631578,24.046242774566
66,Campaign_66,Referral,1393,782,86,26,26448,1.781329923273,16.197674418604,53.576923076923,18.986360373295
67,Campaign_67,Social Media,25670,760,91,29,23431,33.776315789473,282.087912087912,885.172413793103,0.912777561355
68,Campaign_68,Paid Ads,666,907,95,30,23017,0.734288864388,7.010526315789,22.200000000000,34.560060060060
69,Campaign_69,Email,3469,935,94,26,16223,3.710160427807,36.904255319148,133.423076923076,4.676563851253
70,Campaign_70,Social Media,5795,1023,107,24,21555,5.664711632453,54.158878504672,241.458333333333,3.719585849870
71,Campaign_71,Conference,206,975,104,22,17494,0.211282051282,1.980769230769,9.363636363636,84.922330097087
72,Campaign_72,Email,332,950,97,22,16479,0.349473684210,3.422680412371,15.090909090909,49.635542168674
73,Campaign_73,Email,2556,830,79,20,12777,3.079518072289,32.354430379746,127.800000000000,4.998826291079
74,Campaign_74,Conference,1325,903,94,25,20158,1.467331118493,14.095744680851,53.000000000000,15.213584905660
75,Campaign_75,Email,4808,852,88,25,21931,5.643192488262,54.636363636363,192.320000000000,4.561356073211
76,Campaign_76,Website,7150,940,92,20,18367,7.606382978723,77.717391304347,357.500000000000,2.568811188811
77,Campaign_77,Paid Ads,734,815,91,24,19696,0.900613496932,8.065934065934,30.583333333333,26.833787465940
78,Campaign_78,Email,10719,889,97,30,22808,12.057367829021,110.505154639175,357.300000000000,2.127810430077
79,Campaign_79,Social Media,562,920,90,22,14566,0.610869565217,6.244444444444,25.545454545454,25.918149466192
80,Campaign_80,Paid Ads,281,860,105,29,17768,0.326744186046,2.676190476190,9.689655172413,63.231316725978
81,Campaign_81,Paid Ads,23787,939,94,23,14966,25.332268370607,253.053191489361,1034.217391304347,0.629167192163
82,Campaign_82,Email,31588,851,83,19,13172,37.118683901292,380.578313253012,1662.526315789473,0.416993795112
83,Campaign_83,Email,494,878,91,26,19711,0.562642369020,5.428571428571,19.000000000000,39.900809716599
84,Campaign_84,Webinar,1447,892,90,24,14346,1.622197309417,16.077777777777,60.291666666666,9.914305459571
85,Campaign_85,Paid Ads,13309,871,92,19,15679,15.280137772675,144.663043478260,700.473684210526,1.178074986851
86,Campaign_86,Webinar,1336,1027,108,31,22074,1.300876338851,12.370370370370,43.096774193548,16.522455089820
87,Campaign_87,Conference,4064,989,104,22,17984,4.109201213346,39.076923076923,184.727272727272,4.425196850393
88,Campaign_88,Webinar,559,751,83,19,14027,0.744340878828,6.734939759036,29.421052631578,25.093023255813
89,Campaign_89,Email,36966,1130,114,28,14593,32.713274336283,324.263157894736,1320.214285714285,0.394768165341
90,Campaign_90,Paid Ads,12009,985,99,23,18631,12.191878172588,121.303030303030,522.130434782608,1.551419768506
91,Campaign_91,Website,899,921,109,26,18734,0.976112920738,8.247706422018,34.576923076923,20.838709677419
92,Campaign_92,Conference,647,879,90,20,14793,0.736063708759,7.188888888888,32.350000000000,22.863987635239
93,Campaign_93,Webinar,1055,1074,108,20,14107,0.982309124767,9.768518518518,52.750000000000,13.371563981042
94,Campaign_94,Email,564,810,87,19,21631,0.696296296296,6.482758620689,29.684210526315,38.352836879432
95,Campaign_95,Email,674,1006,104,23,16542,0.669980119284,6.480769230769,29.304347826086,24.543026706231
96,Campaign_96,Conference,1207,1095,109,27,23035,1.102283105022,11.073394495412,44.703703703703,19.084507042253
97,Campaign_97,Social Media,6445,811,85,29,22527,7.946979038224,75.823529411764,222.241379310344,3.495267649340
98,Campaign_98,Webinar,666,1033,107,24,22570,0.644724104549,6.224299065420,27.750000000000,33.888888888888
99,Campaign_99,Social Media,13718,1009,101,33,20287,13.595639246778,135.821782178217,415.696969696969,1.478859892112
100,Campaign_100,Conference,37257,1033,113,32,17077,36.066795740561,329.707964601769,1164.281250000000,0.458356818852
101,Campaign_101,Email,7352,1049,98,21,18045,7.008579599618,75.020408163265,350.095238095238,2.454434167573
102,Campaign_102,Paid Ads,47207,962,100,27,24576,49.071725571725,472.070000000000,1748.407407407407,0.520600758362
103,Campaign_103,Email,18281,794,85,21,13086,23.023929471032,215.070588235294,870.523809523809,0.715825173677
104,Campaign_104,Email,771,1025,105,32,18816,0.752195121951,7.342857142857,24.093750000000,24.404669260700
105,Campaign_105,Social Media,2882,928,104,26,14908,3.105603448275,27.711538461538,110.846153846153,5.172796668979
106,Campaign_106,Paid Ads,2245,840,84,21,12979,2.672619047619,26.726190476190,106.904761904761,5.781291759465
107,Campaign_107,Paid Ads,36,1034,107,24,20404,0.034816247582,0.336448598130,1.500000000000,566.777777777777
108,Campaign_108,Email,1188,1027,102,30,22220,1.156767283349,11.647058823529,39.600000000000,18.703703703703
109,Campaign_109,Email,21507,995,102,30,24724,21.615075376884,210.852941176470,716.900000000000,1.149579206769
110,Campaign_110,Email,2387,887,94,22,18815,2.691093573844,25.393617021276,108.500000000000,7.882279011311
111,Campaign_111,Email,683,1122,113,27,17077,0.608734402852,6.044247787610,25.296296296296,25.002928257686
112,Campaign_112,Webinar,1465,924,98,27,22974,1.585497835497,14.948979591836,54.259259259259,15.681911262798
113,Campaign_113,Email,15491,935,89,23,19879,16.567914438502,174.056179775280,673.521739130434,1.283261248466
114,Campaign_114,Webinar,3040,950,101,20,20903,3.200000000000,30.099009900990,152.000000000000,6.875986842105
115,Campaign_115,Email,7667,886,100,26,18883,8.653498871331,76.670000000000,294.884615384615,2.462892917699
116,Campaign_116,Email,1117,999,99,24,24717,1.118118118118,11.282828282828,46.541666666666,22.128021486123
117,Campaign_117,Email,71888,881,89,18,16970,81.598183881952,807.730337078651,3993.777777777777,0.236061651457
118,Campaign_118,Webinar,1085,1125,105,24,17337,0.964444444444,10.333333333333,45.208333333333,15.978801843317
119,Campaign_119,Webinar,904,984,107,36,33634,0.918699186991,8.448598130841,25.111111111111,37.205752212389
120,Campaign_120,Paid Ads,221,875,99,26,16775,0.252571428571,2.232323232323,8.500000000000,75.904977375565
121,Campaign_121,Paid Ads,5569,947,107,28,23438,5.880675818373,52.046728971962,198.892857142857,4.208655054767
122,Campaign_122,Conference,13383,1138,118,30,21344,11.760105448154,113.415254237288,446.100000000000,1.594859149667
123,Campaign_123,Email,7353,875,108,31,22165,8.403428571428,68.083333333333,237.193548387096,3.014415884672
124,Campaign_124,Email,28821,1046,114,28,21970,27.553537284894,252.815789473684,1029.321428571428,0.762291384754
125,Campaign_125,Social Media,5799,1053,109,25,17692,5.507122507122,53.201834862385,231.960000000000,3.050870839799
126,Campaign_126,Webinar,29860,966,95,22,19519,30.910973084886,314.315789473684,1357.272727272727,0.653683858004
127,Campaign_127,Email,5811,1009,107,29,20189,5.759167492566,54.308411214953,200.379310344827,3.474272930648
128,Campaign_128,Website,16939,953,99,28,20473,17.774396642182,171.101010101010,604.964285714285,1.208630969951
129,Campaign_129,Conference,30338,932,101,20,14869,32.551502145922,300.376237623762,1516.900000000000,0.490111411431
130,Campaign_130,Email,26730,951,96,29,17288,28.107255520504,278.437500000000,921.724137931034,0.646763935652
131,Campaign_131,Webinar,1147,1018,108,27,20877,1.126719056974,10.620370370370,42.481481481481,18.201394943330
132,Campaign_132,Webinar,35083,761,77,19,11302,46.101182654402,455.623376623376,1846.473684210526,0.322150329219
133,Campaign_133,Paid Ads,26510,1012,109,32,28573,26.195652173913,243.211009174311,828.437500000000,1.077819690682
134,Campaign_134,Paid Ads,228,1004,104,20,17616,0.227091633466,2.192307692307,11.400000000000,77.263157894736
135,Campaign_135,Email,1906,947,106,30,20692,2.012671594508,17.981132075471,63.533333333333,10.856243441762
136,Campaign_136,Webinar,49064,1022,108,29,26991,48.007827788649,454.296296296296,1691.862068965517,0.550118212946
137,Campaign_137,Paid Ads,12813,922,91,29,24507,13.896963123644,140.802197802197,441.827586206896,1.912666822758
138,Campaign_138,Social Media,2626,938,100,21,10399,2.799573560767,26.260000000000,125.047619047619,3.960015232292
139,Campaign_139,Webinar,14191,819,90,21,15334,17.327228327228,157.677777777777,675.761904761904,1.080544006764
140,Campaign_140,Email,1146,940,98,29,21036,1.219148936170,11.693877551020,39.517241379310,18.356020942408
141,Campaign_141,Webinar,1069,1013,100,19,12554,1.055281342546,10.690000000000,56.263157894736,11.743685687558
142,Campaign_142,Email,13801,959,108,15,7755,14.391032325338,127.787037037037,920.066666666666,0.561915803202
143,Campaign_143,Webinar,937,947,88,26,20397,0.989440337909,10.647727272727,36.038461538461,21.768409818569
144,Campaign_144,Webinar,715,879,85,18,11335,0.813424345847,8.411764705882,39.722222222222,15.853146853146
145,Campaign_145,Email,22288,992,102,21,15937,22.467741935483,218.509803921568,1061.333333333333,0.715048456568
146,Campaign_146,Paid Ads,9266,1000,96,22,19900,9.266000000000,96.520833333333,421.181818181818,2.147636520612
147,Campaign_147,Email,11540,1000,95,28,17190,11.540000000000,121.473684210526,412.142857142857,1.489601386481
148,Campaign_148,Email,1038,890,89,14,12578,1.166292134831,11.662921348314,74.142857142857,12.117533718689
149,Campaign_149,Paid Ads,49846,1046,110,22,17268,47.653919694072,453.145454545454,2265.727272727272,0.346426995145
150,Campaign_150,Paid Ads,996,907,96,22,14732,1.098125689084,10.375000000000,45.272727272727,14.791164658634
151,Campaign_151,Referral,356,1022,106,28,27150,0.348336594911,3.358490566037,12.714285714285,76.264044943820
152,Campaign_152,Paid Ads,1298,1060,101,15,12884,1.224528301886,12.851485148514,86.533333333333,9.926040061633
153,Campaign_153,Email,31411,1009,112,25,13054,31.130822596630,280.455357142857,1256.440000000000,0.415586896310
154,Campaign_154,Webinar,1353,987,92,28,17533,1.370820668693,14.706521739130,48.321428571428,12.958610495195
155,Campaign_155,Email,5155,783,81,21,12486,6.583652618135,63.641975308641,245.476190476190,2.422114451988
156,Campaign_156,Referral,11093,1025,110,31,21632,10.822439024390,100.845454545454,357.838709677419,1.950058595510
157,Campaign_157,Webinar,4530,883,87,21,11316,5.130237825594,52.068965517241,215.714285714285,2.498013245033
158,Campaign_158,Conference,1048,975,101,25,22505,1.074871794871,10.376237623762,41.920000000000,21.474236641221
159,Campaign_159,Email,4453,866,97,22,20453,5.142032332563,45.907216494845,202.409090909090,4.593083314619
160,Campaign_160,Paid Ads,947,976,99,27,15110,0.970286885245,9.565656565656,35.074074074074,15.955649419218
161,Campaign_161,Paid Ads,4511,928,90,32,23822,4.860991379310,50.122222222222,140.968750000000,5.280868986920
162,Campaign_162,Social Media,1188,1113,115,30,20996,1.067385444743,10.330434782608,39.600000000000,17.673400673400
163,Campaign_163,Email,44214,1045,107,28,22401,42.310047846889,413.214953271028,1579.071428571428,0.506649477541
164,Campaign_164,Email,36602,1017,103,27,14852,35.990167158308,355.359223300970,1355.629629629629,0.405770176493
165,Campaign_165,Referral,283,932,90,20,17581,0.303648068669,3.144444444444,14.150000000000,62.123674911660
166,Campaign_166,Paid Ads,1480,971,104,30,17627,1.524201853759,14.230769230769,49.333333333333,11.910135135135
167,Campaign_167,Paid Ads,20857,998,116,28,21219,20.898797595190,179.801724137931,744.892857142857,1.017356283262
168,Campaign_168,Email,27982,897,99,33,27433,31.195094760312,282.646464646464,847.939393939393,0.980380244442
169,Campaign_169,Referral,13425,811,89,23,23465,16.553637484586,150.842696629213,583.695652173913,1.747858472998
170,Campaign_170,Email,3980,964,104,27,20240,4.128630705394,38.269230769230,147.407407407407,5.085427135678
171,Campaign_171,Conference,31431,1004,100,29,21877,31.305776892430,314.310000000000,1083.827586206896,0.696032579300
172,Campaign_172,Conference,1208,948,104,26,23507,1.274261603375,11.615384615384,46.461538461538,19.459437086092
173,Campaign_173,Email,992,1001,98,21,13097,0.991008991008,10.122448979591,47.238095238095,13.202620967741
174,Campaign_174,Webinar,991,832,95,13,12248,1.191105769230,10.431578947368,76.230769230769,12.359233097880
175,Campaign_175,Email,2309,1265,133,41,24578,1.825296442687,17.360902255639,56.317073170731,10.644434820268
176,Campaign_176,Email,7390,841,89,24,16711,8.787158145065,83.033707865168,307.916666666666,2.261299052774
177,Campaign_177,Conference,28019,1015,105,28,26945,27.604926108374,266.847619047619,1000.678571428571,0.961668867554
178,Campaign_178,Social Media,23639,1019,113,27,24465,23.198233562315,209.194690265486,875.518518518518,1.034942256440
179,Campaign_179,Webinar,2107,888,91,16,12700,2.372747747747,23.153846153846,131.687500000000,6.027527289985
180,Campaign_180,Paid Ads,1283,870,91,27,20257,1.474712643678,14.098901098901,47.518518518518,15.788776305533
181,Campaign_181,Email,8573,963,92,25,22035,8.902388369678,93.184782608695,342.920000000000,2.570278782223
182,Campaign_182,Email,10776,896,91,25,18043,12.026785714285,118.417582417582,431.040000000000,1.674368968077
183,Campaign_183,Email,5676,799,83,19,16416,7.103879849812,68.385542168674,298.736842105263,2.892177589852
184,Campaign_184,Email,719,894,91,21,16754,0.804250559284,7.901098901098,34.238095238095,23.301808066759
185,Campaign_185,Email,1590,746,86,26,20958,2.131367292225,18.488372093023,61.153846153846,13.181132075471
186,Campaign_186,Paid Ads,1550,888,95,23,14273,1.745495495495,16.315789473684,67.391304347826,9.208387096774
187,Campaign_187,Email,5633,989,103,23,16040,5.695652173913,54.689320388349,244.913043478260,2.847505769572
188,Campaign_188,Email,8342,1024,97,23,17673,8.146484375000,86.000000000000,362.695652173913,2.118556701030
189,Campaign_189,Paid Ads,2934,1048,108,19,10354,2.799618320610,27.166666666666,154.421052631578,3.528970688479
190,Campaign_190,Social Media,69788,880,85,21,22532,79.304545454545,821.035294117647,3323.238095238095,0.322863529546
191,Campaign_191,Email,1159,946,95,20,14092,1.225158562367,12.200000000000,57.950000000000,12.158757549611
192,Campaign_192,Website,8059,1031,103,26,19813,7.816682832201,78.242718446601,309.961538461538,2.458493609628
193,Campaign_193,Social Media,10884,926,98,26,20587,11.753779697624,111.061224489795,418.615384615384,1.891492098493
194,Campaign_194,Email,10655,885,96,26,19440,12.039548022598,110.989583333333,409.807692307692,1.824495541999
195,Campaign_195,Conference,52859,1115,118,31,24116,47.407174887892,447.957627118644,1705.129032258064,0.456232618853
196,Campaign_196,Webinar,877,948,104,19,13265,0.925105485232,8.432692307692,46.157894736842,15.125427594070
197,Campaign_197,Webinar,1026,838,97,23,16193,1.224343675417,10.577319587628,44.608695652173,15.782651072124
198,Campaign_198,Paid Ads,8224,783,83,23,17150,10.503192848020,99.084337349397,357.565217391304,2.085359922178
199,Campaign_199,Paid Ads,933,922,103,23,21157,1.011930585683,9.058252427184,40.565217391304,22.676312968917
200,Campaign_200,Paid Ads,205,918,95,13,7577,0.223311546840,2.157894736842,15.769230769230,36.960975609756
201,Campaign_201,Paid Ads,7598,1031,104,25,19892,7.369544131910,73.057692307692,303.920000000000,2.618057383521
202,Campaign_202,Webinar,1496,910,97,24,15016,1.643956043956,15.422680412371,62.333333333333,10.037433155080
203,Campaign_203,Webinar,1759,925,96,32,30629,1.901621621621,18.322916666666,54.968750000000,17.412734508243
204,Campaign_204,Paid Ads,2875,861,98,14,8955,3.339140534262,29.336734693877,205.357142857142,3.114782608695
205,Campaign_205,Conference,39531,838,94,20,14753,47.173031026252,420.542553191489,1976.550000000000,0.373200779135
206,Campaign_206,Email,10712,1109,115,28,21661,9.659152389540,93.147826086956,382.571428571428,2.022124719940
207,Campaign_207,Email,43565,940,98,24,17944,46.345744680851,444.540816326530,1815.208333333333,0.411890278893
208,Campaign_208,Social Media,1216,872,90,18,13626,1.394495412844,13.511111111111,67.555555555555,11.205592105263
209,Campaign_209,Email,1155,1005,109,17,13161,1.149253731343,10.596330275229,67.941176470588,11.394805194805
210,Campaign_210,Email,7869,892,98,14,8687,8.821748878923,80.295918367346,562.071428571428,1.103952217562
211,Campaign_211,Email,1213,841,92,27,26054,1.442330558858,13.184782608695,44.925925925925,21.478977741137
212,Campaign_212,Email,700,963,98,28,18593,0.726895119418,7.142857142857,25.000000000000,26.561428571428
213,Campaign_213,Referral,40201,993,105,19,14706,40.484390735146,382.866666666666,2115.842105263157,0.365811795726
214,Campaign_214,Webinar,21967,1220,124,26,20308,18.005737704918,177.153225806451,844.884615384615,0.924477625529
215,Campaign_215,Website,894,1041,108,25,23398,0.858789625360,8.277777777777,35.760000000000,26.172259507829
216,Campaign_216,Webinar,1287,971,97,30,21514,1.325437693099,13.268041237113,42.900000000000,16.716394716394
217,Campaign_217,Paid Ads,920,985,100,29,30754,0.934010152284,9.200000000000,31.724137931034,33.428260869565
218,Campaign_218,Email,34589,1081,115,30,26495,31.997224791859,300.773913043478,1152.966666666666,0.765994969498
219,Campaign_219,Webinar,35015,939,104,30,19234,37.289669861554,336.682692307692,1167.166666666666,0.549307439668
220,Campaign_220,Email,537,1074,106,24,15636,0.500000000000,5.066037735849,22.375000000000,29.117318435754
221,Campaign_221,Social Media,22773,896,92,27,18505,25.416294642857,247.532608695652,843.444444444444,0.812585078821
222,Campaign_222,Social Media,806,1163,122,29,19292,0.693035253654,6.606557377049,27.793103448275,23.935483870967
223,Campaign_223,Email,365,1150,115,28,28501,0.317391304347,3.173913043478,13.035714285714,78.084931506849
224,Campaign_224,Referral,31143,1052,109,25,16794,29.603612167300,285.715596330275,1245.720000000000,0.539254407089
225,Campaign_225,Social Media,11154,901,98,10,9253,12.379578246392,113.816326530612,1115.400000000000,0.829567868029
226,Campaign_226,Webinar,1824,1041,102,27,21980,1.752161383285,17.882352941176,67.555555555555,12.050438596491
227,Campaign_227,Email,46688,876,86,34,24565,53.296803652968,542.883720930232,1373.176470588235,0.526152330363
228,Campaign_228,Paid Ads,4043,937,105,28,27226,4.314834578441,38.504761904761,144.392857142857,6.734108335394
229,Campaign_229,Paid Ads,6197,1005,101,22,19159,6.166169154228,61.356435643564,281.681818181818,3.091657253509
230,Campaign_230,Email,978,916,97,17,12478,1.067685589519,10.082474226804,57.529411764705,12.758691206543
231,Campaign_231,Email,2213,1044,112,27,18789,2.119731800766,19.758928571428,81.962962962962,8.490284681427
232,Campaign_232,Conference,1311,1077,110,20,15337,1.217270194986,11.918181818181,65.550000000000,11.698703279938
233,Campaign_233,Email,552,997,103,27,17321,0.553660982948,5.359223300970,20.444444444444,31.378623188405
234,Campaign_234,Webinar,600,849,94,28,17256,0.706713780918,6.382978723404,21.428571428571,28.760000000000
235,Campaign_235,Website,44499,972,109,27,20811,45.780864197530,408.247706422018,1648.111111111111,0.467673430863
236,Campaign_236,Social Media,1088,1031,108,26,26131,1.055286129970,10.074074074074,41.846153846153,24.017463235294
237,Campaign_237,Email,45,861,81,23,15098,0.052264808362,0.555555555555,1.956521739130,335.511111111111
238,Campaign_238,Social Media,43559,1032,109,32,20527,42.208333333333,399.623853211009,1361.218750000000,0.471245896370
239,Campaign_239,Email,10783,1064,109,25,20465,10.134398496240,98.926605504587,431.320000000000,1.897894834461
240,Campaign_240,Email,1309,901,93,22,13153,1.452830188679,14.075268817204,59.500000000000,10.048128342245
241,Campaign_241,Webinar,56787,975,102,22,16396,58.243076923076,556.735294117647,2581.227272727272,0.288728053956
242,Campaign_242,Paid Ads,872,892,90,21,20344,0.977578475336,9.688888888888,41.523809523809,23.330275229357
243,Campaign_243,Paid Ads,1713,831,87,24,19020,2.061371841155,19.689655172413,71.375000000000,11.103327495621
244,Campaign_244,Webinar,1135,823,93,26,22448,1.379100850546,12.204301075268,43.653846153846,19.777973568281
245,Campaign_245,Email,441,888,93,20,17948,0.496621621621,4.741935483870,22.050000000000,40.698412698412
246,Campaign_246,Email,201,1048,104,31,19563,0.191793893129,1.932692307692,6.483870967741,97.328358208955
247,Campaign_247,Paid Ads,11368,1062,100,24,18234,10.704331450094,113.680000000000,473.666666666666,1.603976073187
248,Campaign_248,Conference,13040,798,87,16,11078,16.340852130325,149.885057471264,815.000000000000,0.849539877300
249,Campaign_249,Webinar,788,896,92,18,16098,0.879464285714,8.565217391304,43.777777777777,20.428934010152
250,Campaign_250,Email,64985,1021,110,26,14748,63.648383937316,590.772727272727,2499.423076923076,0.226944679541
251,Campaign_251,Paid Ads,48201,972,98,26,15865,49.589506172839,491.846938775510,1853.884615384615,0.329142548909
252,Campaign_252,Email,20525,886,91,24,21056,23.165914221218,225.549450549450,855.208333333333,1.025870889159
253,Campaign_253,Email,28398,901,92,15,9661,31.518312985571,308.673913043478,1893.200000000000,0.340200014085
254,Campaign_254,Conference,37857,1015,105,20,19892,37.297536945812,360.542857142857,1892.850000000000,0.525451039437
255,Campaign_255,Email,3709,782,86,17,15505,4.742966751918,43.127906976744,218.176470588235,4.180372067942
256,Campaign_256,Email,321,982,110,24,18101,0.326883910386,2.918181818181,13.375000000000,56.389408099688
257,Campaign_257,Webinar,342,1043,111,27,18491,0.327900287631,3.081081081081,12.666666666666,54.067251461988
258,Campaign_258,Webinar,4041,797,89,29,25924,5.070263488080,45.404494382022,139.344827586206,6.415243751546
259,Campaign_259,Webinar,605,935,103,27,17874,0.647058823529,5.873786407766,22.407407407407,29.543801652892
260,Campaign_260,Email,14078,977,101,25,12309,14.409416581371,139.386138613861,563.120000000000,0.874342946441
261,Campaign_261,Email,627,734,80,21,17947,0.854223433242,7.837500000000,29.857142857142,28.623604465709
262,Campaign_262,Email,3895,876,95,31,16609,4.446347031963,41.000000000000,125.645161290322,4.264184852374
263,Campaign_263,Email,11090,928,109,25,16456,11.950431034482,101.743119266055,443.600000000000,1.483859332732
264,Campaign_264,Webinar,516,1073,107,25,17771,0.480894687791,4.822429906542,20.640000000000,34.439922480620
265,Campaign_265,Social Media,834,1029,112,29,25492,0.810495626822,7.446428571428,28.758620689655,30.565947242206
266,Campaign_266,Conference,9925,868,93,24,18917,11.434331797235,106.720430107526,413.541666666666,1.905994962216
267,Campaign_267,Conference,4056,1067,105,36,35449,3.801312089971,38.628571428571,112.666666666666,8.739891518737
268,Campaign_268,Paid Ads,973,968,104,27,19674,1.005165289256,9.355769230769,36.037037037037,20.219938335046
269,Campaign_269,Webinar,1296,1115,114,21,11563,1.162331838565,11.368421052631,61.714285714285,8.922067901234
270,Campaign_270,Paid Ads,422,903,94,23,19352,0.467331118493,4.489361702127,18.347826086956,45.857819905213
271,Campaign_271,Paid Ads,11631,1068,97,18,13113,10.890449438202,119.907216494845,646.166666666666,1.127418106783
272,Campaign_272,Paid Ads,752,878,99,28,21969,0.856492027334,7.595959595959,26.857142857142,29.214095744680
273,Campaign_273,Email,915,985,90,25,19586,0.928934010152,10.166666666666,36.600000000000,21.405464480874
274,Campaign_274,Paid Ads,34289,756,87,19,14048,45.355820105820,394.126436781609,1804.684210526315,0.409694070984
275,Campaign_275,Referral,1307,855,92,24,22500,1.528654970760,14.206521739130,54.458333333333,17.214996174445
276,Campaign_276,Email,14398,847,89,29,17018,16.998819362455,161.775280898876,496.482758620689,1.181969718016
277,Campaign_277,Email,450,968,99,28,25348,0.464876033057,4.545454545454,16.071428571428,56.328888888888
278,Campaign_278,Paid Ads,582,880,92,21,13701,0.661363636363,6.326086956521,27.714285714285,23.541237113402
279,Campaign_279,Conference,206,995,105,26,17908,0.207035175879,1.961904761904,7.923076923076,86.932038834951
280,Campaign_280,Webinar,54163,898,92,19,13590,60.315144766146,588.728260869565,2850.684210526315,0.250909292321
281,Campaign_281,Webinar,1207,1081,124,30,24209,1.116558741905,9.733870967741,40.233333333333,20.057166528583
282,Campaign_282,Email,1899,1049,108,26,23091,1.810295519542,17.583333333333,73.038461538461,12.159557661927
283,Campaign_283,Webinar,16653,1010,99,24,20191,16.488118811881,168.212121212121,693.875000000000,1.212454212454
284,Campaign_284,Email,13577,733,73,13,9416,18.522510231923,185.986301369863,1044.384615384615,0.693525815717
285,Campaign_285,Social Media,221,994,107,34,24748,0.222334004024,2.065420560747,6.500000000000,111.981900452488
286,Campaign_286,Webinar,609,878,93,27,23394,0.693621867881,6.548387096774,22.555555555555,38.413793103448
287,Campaign_287,Email,1894,727,75,20,15599,2.605226960110,25.253333333333,94.700000000000,8.236008447729
288,Campaign_288,Email,714,1085,106,23,22908,0.658064516129,6.735849056603,31.043478260869,32.084033613445
289,Campaign_289,Email,1350,945,92,22,19187,1.428571428571,14.673913043478,61.363636363636,14.212592592592
290,Campaign_290,Paid Ads,1008,1018,111,30,24941,0.990176817288,9.081081081081,33.600000000000,24.743055555555
291,Campaign_291,Email,1073,1081,120,38,32685,0.992599444958,8.941666666666,28.236842105263,30.461323392357
292,Campaign_292,Webinar,213,962,102,22,15672,0.221413721413,2.088235294117,9.681818181818,73.577464788732
293,Campaign_293,Paid Ads,9179,1032,112,22,19510,8.894379844961,81.955357142857,417.227272727272,2.125503867523
294,Campaign_294,Email,15326,881,88,23,20907,17.396140749148,174.159090909090,666.347826086956,1.364152420722
295,Campaign_295,Email,4595,894,95,29,26494,5.139821029082,48.368421052631,158.448275862068,5.765832426550
296,Campaign_296,Email,3956,995,101,20,15118,3.975879396984,39.168316831683,197.800000000000,3.821536905965
297,Campaign_297,Social Media,1466,784,94,25,14369,1.869897959183,15.595744680851,58.640000000000,9.801500682128
298,Campaign_298,Email,321,987,109,24,19042,0.325227963525,2.944954128440,13.375000000000,59.320872274143
299,Campaign_299,Webinar,36890,841,91,22,16193,43.864447086801,405.384615384615,1676.818181818181,0.438953645974
300,Campaign_300,Social Media,5638,829,92,19,15325,6.800965018094,61.282608695652,296.736842105263,2.718162468960
301,Campaign_301,Webinar,949,910,95,20,14251,1.042857142857,9.989473684210,47.450000000000,15.016859852476
302,Campaign_302,Social Media,5427,907,88,26,23147,5.983461962513,61.670454545454,208.730769230769,4.265155702966
303,Campaign_303,Paid Ads,9780,1078,100,26,22975,9.072356215213,97.800000000000,376.153846153846,2.349182004089
304,Campaign_304,Referral,3927,973,105,27,25186,4.035971223021,37.400000000000,145.444444444444,6.413547237076
305,Campaign_305,Email,33380,1110,111,21,20071,30.072072072072,300.720720720720,1589.523809523809,0.601288196524
306,Campaign_306,Email,508,774,83,25,20095,0.656330749354,6.120481927710,20.320000000000,39.557086614173
307,Campaign_307,Webinar,1194,1018,111,26,22973,1.172888015717,10.756756756756,45.923076923076,19.240368509212
308,Campaign_308,Website,28049,1080,125,28,18563,25.971296296296,224.392000000000,1001.750000000000,0.661806124995
309,Campaign_309,Social Media,1113,949,101,29,29937,1.172813487881,11.019801980198,38.379310344827,26.897574123989
310,Campaign_310,Email,1661,1062,94,20,16478,1.564030131826,17.670212765957,83.050000000000,9.920529801324
311,Campaign_311,Email,42412,946,103,29,27427,44.832980972515,411.766990291262,1462.482758620689,0.646680184853
312,Campaign_312,Website,1311,837,95,29,29899,1.566308243727,13.800000000000,45.206896551724,22.806254767353
313,Campaign_313,Email,10920,959,94,20,16274,11.386861313868,116.170212765957,546.000000000000,1.490293040293
314,Campaign_314,Conference,30658,908,92,26,17196,33.764317180616,333.239130434782,1179.153846153846,0.560897644986
315,Campaign_315,Social Media,1123,877,93,28,18440,1.280501710376,12.075268817204,40.107142857142,16.420302760463
316,Campaign_316,Paid Ads,954,933,93,17,11033,1.022508038585,10.258064516129,56.117647058823,11.564989517819
317,Campaign_317,Paid Ads,33706,867,91,24,17701,38.876585928489,370.395604395604,1404.416666666666,0.525158725449
318,Campaign_318,Paid Ads,14732,1104,105,23,16587,13.344202898550,140.304761904761,640.521739130434,1.125916372522
319,Campaign_319,Email,292,1084,120,37,26899,0.269372693726,2.433333333333,7.891891891891,92.119863013698
320,Campaign_320,Social Media,1430,971,100,29,22453,1.472708547888,14.300000000000,49.310344827586,15.701398601398
321,Campaign_321,Paid Ads,1352,1097,110,37,28137,1.232452142206,12.290909090909,36.540540540540,20.811390532544
322,Campaign_322,Social Media,902,794,85,17,13329,1.136020151133,10.611764705882,53.058823529411,14.777161862527
323,Campaign_323,Email,35027,983,103,29,19403,35.632756866734,340.067961165048,1207.827586206896,0.553944100265
324,Campaign_324,Referral,1061,1025,104,26,21512,1.035121951219,10.201923076923,40.807692307692,20.275212064090
325,Campaign_325,Paid Ads,358,982,99,31,19667,0.364562118126,3.616161616161,11.548387096774,54.935754189944
326,Campaign_326,Email,1156,814,79,23,17542,1.420147420147,14.632911392405,50.260869565217,15.174740484429
327,Campaign_327,Email,2571,985,99,24,14201,2.610152284263,25.969696969696,107.125000000000,5.523531699727
328,Campaign_328,Conference,603,1043,101,20,11307,0.578139980824,5.970297029702,30.150000000000,18.751243781094
329,Campaign_329,Webinar,14803,926,97,33,26958,15.985961123110,152.608247422680,448.575757575757,1.821117341079
330,Campaign_330,Social Media,931,1013,105,29,21426,0.919052319842,8.866666666666,32.103448275862,23.013963480128
331,Campaign_331,Email,11579,777,78,18,11596,14.902187902187,148.448717948717,643.277777777777,1.001468175144
332,Campaign_332,Email,5453,922,99,23,18961,5.914316702819,55.080808080808,237.086956521739,3.477168531083
333,Campaign_333,Paid Ads,7675,931,97,29,15730,8.243823845327,79.123711340206,264.655172413793,2.049511400651
334,Campaign_334,Paid Ads,1155,900,90,31,23763,1.283333333333,12.833333333333,37.258064516129,20.574025974025
335,Campaign_335,Paid Ads,351,947,98,23,17400,0.370644139387,3.581632653061,15.260869565217,49.572649572649
336,Campaign_336,Referral,1146,1042,102,27,19003,1.099808061420,11.235294117647,42.444444444444,16.582024432809
337,Campaign_337,Referral,1107,1138,114,35,21251,0.972759226713,9.710526315789,31.628571428571,19.196928635953
338,Campaign_338,Website,7563,1031,107,22,15069,7.335596508244,70.682242990654,343.772727272727,1.992463308211
339,Campaign_339,Conference,11465,966,100,23,15870,11.868530020703,114.650000000000,498.478260869565,1.384212821631
340,Campaign_340,Paid Ads,7631,1052,107,23,15273,7.253802281368,71.317757009345,331.782608695652,2.001441488664
341,Campaign_341,Paid Ads,14003,940,93,23,13733,14.896808510638,150.569892473118,608.826086956521,0.980718417481
342,Campaign_342,Paid Ads,777,936,92,19,15165,0.830128205128,8.445652173913,40.894736842105,19.517374517374
343,Campaign_343,Social Media,2882,882,88,29,20039,3.267573696145,32.750000000000,99.379310344827,6.953157529493
344,Campaign_344,Email,31017,917,100,25,24425,33.824427480916,310.170000000000,1240.680000000000,0.787471386658
345,Campaign_345,Paid Ads,16171,1009,102,27,24978,16.026759167492,158.539215686274,598.925925925925,1.544616906808
346,Campaign_346,Email,17201,1076,112,22,11305,15.986059479553,153.580357142857,781.863636363636,0.657229230858
347,Campaign_347,Paid Ads,954,1036,112,25,20664,0.920849420849,8.517857142857,38.160000000000,21.660377358490
348,Campaign_348,Social Media,385,862,91,33,21093,0.446635730858,4.230769230769,11.666666666666,54.787012987012
349,Campaign_349,Conference,50229,936,100,29,18435,53.663461538461,502.290000000000,1732.034482758620,0.367019052738
350,Campaign_350,Email,836,937,102,32,29784,0.892209178228,8.196078431372,26.125000000000,35.626794258373
351,Campaign_351,Referral,5714,957,107,26,16782,5.970741901776,53.401869158878,219.769230769230,2.936996849842
352,Campaign_352,Webinar,1460,1079,114,25,20192,1.353104726598,12.807017543859,58.400000000000,13.830136986301
353,Campaign_353,Email,38297,942,103,22,19428,40.654989384288,371.815533980582,1740.772727272727,0.507298221792
354,Campaign_354,Email,220,1028,107,23,17023,0.214007782101,2.056074766355,9.565217391304,77.377272727272
355,Campaign_355,Email,24342,1094,117,29,24996,22.250457038391,208.051282051282,839.379310344827,1.026867143209
356,Campaign_356,Email,65056,788,80,20,16896,82.558375634517,813.200000000000,3252.800000000000,0.259714707329
357,Campaign_357,Referral,1066,941,105,21,16417,1.132837407013,10.152380952380,50.761904761904,15.400562851782
358,Campaign_358,Paid Ads,5591,895,100,24,12850,6.246927374301,55.910000000000,232.958333333333,2.298336612412
359,Campaign_359,Social Media,31723,911,102,20,14748,34.822173435784,311.009803921568,1586.150000000000,0.464899284430
360,Campaign_360,Email,8895,1044,104,26,18767,8.520114942528,85.528846153846,342.115384615384,2.109836987071
361,Campaign_361,Email,977,1119,116,27,22770,0.873100983020,8.422413793103,36.185185185185,23.306038894575
362,Campaign_362,Paid Ads,19561,901,106,24,18038,21.710321864594,184.537735849056,815.041666666666,0.922140994836
363,Campaign_363,Email,1139,1081,116,31,25744,1.053654024051,9.818965517241,36.741935483870,22.602282704126
364,Campaign_364,Paid Ads,725,1013,99,22,16528,0.715695952615,7.323232323232,32.954545454545,22.797241379310
365,Campaign_365,Website,533,1067,107,26,22837,0.499531396438,4.981308411214,20.500000000000,42.846153846153
366,Campaign_366,Paid Ads,2001,980,106,27,31706,2.041836734693,18.877358490566,74.111111111111,15.845077461269
367,Campaign_367,Webinar,574,1033,106,28,19612,0.555663117134,5.415094339622,20.500000000000,34.167247386759
368,Campaign_368,Email,31916,904,95,33,25324,35.305309734513,335.957894736842,967.151515151515,0.793457826795
369,Campaign_369,Email,14197,960,94,23,19671,14.788541666666,151.031914893617,617.260869565217,1.385574417130
370,Campaign_370,Email,1204,948,109,33,26333,1.270042194092,11.045871559633,36.484848484848,21.871262458471
371,Campaign_371,Webinar,12648,1076,112,22,17269,11.754646840148,112.928571428571,574.909090909090,1.365354206198
372,Campaign_372,Email,517,1024,108,21,16476,0.504882812500,4.787037037037,24.619047619047,31.868471953578
373,Campaign_373,Paid Ads,580,1019,107,23,11562,0.569185475956,5.420560747663,25.217391304347,19.934482758620
374,Campaign_374,Webinar,43046,913,101,27,17571,47.147864184008,426.198019801980,1594.296296296296,0.408191237281
375,Campaign_375,Paid Ads,40923,1092,110,25,18503,37.475274725274,372.027272727272,1636.920000000000,0.452141827334
376,Campaign_376,Email,10321,1072,107,30,24761,9.627798507462,96.457943925233,344.033333333333,2.399089235539
377,Campaign_377,Email,8814,933,94,18,14807,9.446945337620,93.765957446808,489.666666666666,1.679941002949
378,Campaign_378,Website,1037,1052,105,32,26761,0.985741444866,9.876190476190,32.406250000000,25.806171648987
379,Campaign_379,Webinar,4216,1038,104,22,17274,4.061657032755,40.538461538461,191.636363636363,4.097248576850
380,Campaign_380,Paid Ads,69272,1093,110,27,18740,63.377859103385,629.745454545454,2565.629629629629,0.270527774569
381,Campaign_381,Email,12232,943,99,23,12475,12.971367974549,123.555555555555,531.826086956521,1.019865925441
382,Campaign_382,Referral,227,1032,98,23,16610,0.219961240310,2.316326530612,9.869565217391,73.171806167400
383,Campaign_383,Webinar,4113,1079,111,30,26522,3.811862835959,37.054054054054,137.100000000000,6.448334548991
384,Campaign_384,Email,48006,972,101,26,19773,49.388888888888,475.306930693069,1846.384615384615,0.411886014248
385,Campaign_385,Social Media,659,1060,105,24,26734,0.621698113207,6.276190476190,27.458333333333,40.567526555386
386,Campaign_386,Email,800,931,92,22,21060,0.859291084854,8.695652173913,36.363636363636,26.325000000000
387,Campaign_387,Paid Ads,1118,1067,109,29,20903,1.047797563261,10.256880733944,38.551724137931,18.696779964221
388,Campaign_388,Webinar,302,1091,118,20,13671,0.276810265811,2.559322033898,15.100000000000,45.268211920529
389,Campaign_389,Email,44198,1019,118,28,19720,43.373895976447,374.559322033898,1578.500000000000,0.446174035024
390,Campaign_390,Referral,1233,961,89,27,17040,1.283038501560,13.853932584269,45.666666666666,13.819951338199
391,Campaign_391,Conference,49738,864,84,25,17549,57.567129629629,592.119047619047,1989.520000000000,0.352828823032
392,Campaign_392,Webinar,1629,927,93,26,25708,1.757281553398,17.516129032258,62.653846153846,15.781461019030
393,Campaign_393,Email,27816,1110,125,40,25272,25.059459459459,222.528000000000,695.400000000000,0.908541846419
394,Campaign_394,Email,2280,937,104,25,24227,2.433297758804,21.923076923076,91.200000000000,10.625877192982
395,Campaign_395,Email,8276,814,90,23,18701,10.167076167076,91.955555555555,359.826086956521,2.259666505558
396,Campaign_396,Conference,7895,1005,116,28,17547,7.855721393034,68.060344827586,281.964285714285,2.222545915136
397,Campaign_397,Email,6802,815,82,30,17048,8.346012269938,82.951219512195,226.733333333333,2.506321670097
398,Campaign_398,Paid Ads,1171,845,90,26,19488,1.385798816568,13.011111111111,45.038461538461,16.642186165670
399,Campaign_399,Conference,28040,966,103,23,18031,29.026915113871,272.233009708737,1219.130434782608,0.643045649072
400,Campaign_400,Email,512,1001,105,25,19338,0.511488511488,4.876190476190,20.480000000000,37.769531250000
401,Campaign_401,Webinar,575,906,91,27,22592,0.634657836644,6.318681318681,21.296296296296,39.290434782608
402,Campaign_402,Email,2503,1060,115,30,23050,2.361320754716,21.765217391304,83.433333333333,9.208949260886
403,Campaign_403,Referral,1344,875,82,18,17437,1.536000000000,16.390243902439,74.666666666666,12.973958333333
404,Campaign_404,Paid Ads,43946,859,100,18,11937,51.159487776484,439.460000000000,2441.444444444444,0.271628817184
405,Campaign_405,Email,2456,1164,104,30,25712,2.109965635738,23.615384615384,81.866666666666,10.469055374592
406,Campaign_406,Email,886,1030,112,28,20339,0.860194174757,7.910714285714,31.642857142857,22.955981941309
407,Campaign_407,Paid Ads,8116,925,89,24,26274,8.774054054054,91.191011235955,338.166666666666,3.237309019221
408,Campaign_408,Conference,2712,975,96,24,18273,2.781538461538,28.250000000000,113.000000000000,6.737831858407
409,Campaign_409,Conference,504,1055,104,28,23883,0.477725118483,4.846153846153,18.000000000000,47.386904761904
410,Campaign_410,Webinar,5568,909,92,25,18643,6.125412541254,60.521739130434,222.720000000000,3.348239942528
411,Campaign_411,Email,355,867,91,23,10256,0.409457900807,3.901098901098,15.434782608695,28.890140845070
412,Campaign_412,Email,1890,918,101,22,12116,2.058823529411,18.712871287128,85.909090909090,6.410582010582
413,Campaign_413,Email,718,879,84,21,13433,0.816837315130,8.547619047619,34.190476190476,18.708913649025
414,Campaign_414,Webinar,2425,970,99,18,11836,2.500000000000,24.494949494949,134.722222222222,4.880824742268
415,Campaign_415,Social Media,5619,806,84,24,16305,6.971464019851,66.892857142857,234.125000000000,2.901761879337
416,Campaign_416,Paid Ads,2274,825,91,21,17855,2.756363636363,24.989010989010,108.285714285714,7.851802990325
417,Campaign_417,Email,1956,905,81,22,18108,2.161325966850,24.148148148148,88.909090909090,9.257668711656
418,Campaign_418,Webinar,533,1032,116,26,18433,0.516472868217,4.594827586206,20.500000000000,34.583489681050
419,Campaign_419,Social Media,1968,712,76,13,7460,2.764044943820,25.894736842105,151.384615384615,3.790650406504
420,Campaign_420,Conference,710,1093,110,30,24627,0.649588289112,6.454545454545,23.666666666666,34.685915492957
421,Campaign_421,Social Media,11508,935,107,32,30086,12.308021390374,107.551401869158,359.625000000000,2.614355231143
422,Campaign_422,Email,1243,1065,108,30,15056,1.167136150234,11.509259259259,41.433333333333,12.112630732099
423,Campaign_423,Email,481,881,94,27,16962,0.545970488081,5.117021276595,17.814814814814,35.264033264033
424,Campaign_424,Social Media,996,1061,114,30,21513,0.938737040527,8.736842105263,33.200000000000,21.599397590361
425,Campaign_425,Webinar,8262,1068,106,28,21587,7.735955056179,77.943396226415,295.071428571428,2.612805616073
426,Campaign_426,Email,1258,1078,106,20,19019,1.166975881261,11.867924528301,62.900000000000,15.118441971383
427,Campaign_427,Conference,36404,1012,106,27,18942,35.972332015810,343.433962264150,1348.296296296296,0.520327436545
428,Campaign_428,Social Media,1282,979,97,24,11094,1.309499489274,13.216494845360,53.416666666666,8.653666146645
429,Campaign_429,Webinar,1036,903,95,23,21673,1.147286821705,10.905263157894,45.043478260869,20.919884169884
430,Campaign_430,Webinar,34856,824,91,25,15797,42.300970873786,383.032967032967,1394.240000000000,0.453207482212
431,Campaign_431,Paid Ads,17200,1122,117,34,25877,15.329768270944,147.008547008547,505.882352941176,1.504476744186
432,Campaign_432,Paid Ads,890,953,96,22,19439,0.933892969569,9.270833333333,40.454545454545,21.841573033707
433,Campaign_433,Paid Ads,3229,833,87,20,10668,3.876350540216,37.114942528735,161.450000000000,3.303809228863
434,Campaign_434,Social Media,2035,1173,120,22,12931,1.734867860187,16.958333333333,92.500000000000,6.354299754299
435,Campaign_435,Social Media,6585,939,89,26,27212,7.012779552715,73.988764044943,253.269230769230,4.132422171602
436,Campaign_436,Social Media,475,950,102,32,25203,0.500000000000,4.656862745098,14.843750000000,53.058947368421
437,Campaign_437,Email,892,908,96,24,18980,0.982378854625,9.291666666666,37.166666666666,21.278026905829
438,Campaign_438,Conference,3289,933,101,33,17511,3.525187566988,32.564356435643,99.666666666666,5.324110671936
439,Campaign_439,Conference,1439,962,96,21,15496,1.495841995841,14.989583333333,68.523809523809,10.768589298123
440,Campaign_440,Webinar,6370,1036,110,32,20791,6.148648648648,57.909090909090,199.062500000000,3.263893249607
441,Campaign_441,Conference,5125,939,94,16,13104,5.457933972310,54.521276595744,320.312500000000,2.556878048780
442,Campaign_442,Social Media,716,876,87,20,15228,0.817351598173,8.229885057471,35.800000000000,21.268156424581
443,Campaign_443,Paid Ads,69212,1098,106,29,23858,63.034608378870,652.943396226415,2386.620689655172,0.344709009998
444,Campaign_444,Paid Ads,184,1040,105,24,19224,0.176923076923,1.752380952380,7.666666666666,104.478260869565
445,Campaign_445,Email,20398,1016,104,30,24412,20.076771653543,196.134615384615,679.933333333333,1.196783998431
446,Campaign_446,Paid Ads,64503,1084,107,21,15422,59.504612546125,602.831775700934,3071.571428571428,0.239089654744
447,Campaign_447,Webinar,11638,896,97,16,12788,12.988839285714,119.979381443298,727.375000000000,1.098814229249
448,Campaign_448,Conference,11570,915,102,21,11897,12.644808743169,113.431372549019,550.952380952380,1.028262748487
449,Campaign_449,Email,5249,1127,119,30,21822,4.657497781721,44.109243697478,174.966666666666,4.157363307296
450,Campaign_450,Email,1918,1229,127,32,24057,1.560618388934,15.102362204724,59.937500000000,12.542752867570
451,Campaign_451,Webinar,427,984,97,28,22720,0.433943089430,4.402061855670,15.250000000000,53.208430913348
452,Campaign_452,Email,20115,1121,112,26,18735,17.943800178412,179.598214285714,773.653846153846,0.931394481730
453,Campaign_453,Email,44062,920,98,25,16778,47.893478260869,449.612244897959,1762.480000000000,0.380781625890
454,Campaign_454,Email,27911,893,96,25,23015,31.255319148936,290.739583333333,1116.440000000000,0.824585288954
455,Campaign_455,Email,40556,951,102,20,14996,42.645636172450,397.607843137254,2027.800000000000,0.369760331393
456,Campaign_456,Email,507,1023,110,22,20384,0.495601173020,4.609090909090,23.045454545454,40.205128205128
457,Campaign_457,Paid Ads,945,873,97,19,9983,1.082474226804,9.742268041237,49.736842105263,10.564021164021
458,Campaign_458,Paid Ads,22275,857,98,31,28813,25.991831971995,227.295918367346,718.548387096774,1.293512906846
459,Campaign_459,Social Media,574,1076,109,27,21172,0.533457249070,5.266055045871,21.259259259259,36.885017421602
460,Campaign_460,Paid Ads,1231,871,92,24,15922,1.413318025258,13.380434782608,51.291666666666,12.934199837530
461,Campaign_461,Conference,328,970,101,31,24546,0.338144329896,3.247524752475,10.580645161290,74.835365853658
462,Campaign_462,Email,1214,920,92,21,16707,1.319565217391,13.195652173913,57.809523809523,13.761943986820
463,Campaign_463,Email,868,1040,114,37,28143,0.834615384615,7.614035087719,23.459459459459,32.422811059907
464,Campaign_464,Conference,351,1159,122,36,22610,0.302847282139,2.877049180327,9.750000000000,64.415954415954
465,Campaign_465,Email,18669,1080,122,35,28228,17.286111111111,153.024590163934,533.400000000000,1.512025282553
466,Campaign_466,Paid Ads,42380,932,106,17,14373,45.472103004291,399.811320754716,2492.941176470588,0.339145823501
467,Campaign_467,Webinar,11710,1043,104,21,19514,11.227229146692,112.596153846153,557.619047619047,1.666438941076
468,Campaign_468,Webinar,285,789,89,15,13893,0.361216730038,3.202247191011,19.000000000000,48.747368421052
469,Campaign_469,Email,1698,900,95,22,19460,1.886666666666,17.873684210526,77.181818181818,11.460541813898
470,Campaign_470,Email,56320,861,101,24,15112,65.412311265969,557.623762376237,2346.666666666666,0.268323863636
471,Campaign_471,Webinar,510,1064,106,31,22015,0.479323308270,4.811320754716,16.451612903225,43.166666666666
472,Campaign_472,Email,43006,1003,104,26,21667,42.877367896311,413.519230769230,1654.076923076923,0.503813421383
473,Campaign_473,Webinar,3474,807,83,21,11131,4.304832713754,41.855421686746,165.428571428571,3.204087507196
474,Campaign_474,Conference,2493,931,97,27,19439,2.677765843179,25.701030927835,92.333333333333,7.797432811873
475,Campaign_475,Referral,33625,954,106,23,22308,35.246331236897,317.216981132075,1461.956521739130,0.663434944237
476,Campaign_476,Email,9705,1220,119,30,23420,7.954918032786,81.554621848739,323.500000000000,2.413189077794
477,Campaign_477,Social Media,502,1025,108,23,14679,0.489756097560,4.648148148148,21.826086956521,29.241035856573
478,Campaign_478,Paid Ads,743,873,94,20,13327,0.851088201603,7.904255319148,37.150000000000,17.936742934051
479,Campaign_479,Paid Ads,787,970,104,22,17871,0.811340206185,7.567307692307,35.772727272727,22.707750952986
480,Campaign_480,Email,1486,1044,101,28,24186,1.423371647509,14.712871287128,53.071428571428,16.275908479138
481,Campaign_481,Conference,12055,841,83,17,12825,14.334126040428,145.240963855421,709.117647058823,1.063873911240
482,Campaign_482,Email,6440,964,101,20,15296,6.680497925311,63.762376237623,322.000000000000,2.375155279503
483,Campaign_483,Paid Ads,35659,1047,106,26,22566,34.058261700095,336.405660377358,1371.500000000000,0.632827617151
484,Campaign_484,Email,1000,995,107,34,23555,1.005025125628,9.345794392523,29.411764705882,23.555000000000
485,Campaign_485,Social Media,1224,976,96,22,16845,1.254098360655,12.750000000000,55.636363636363,13.762254901960
486,Campaign_486,Conference,1370,950,104,28,23158,1.442105263157,13.173076923076,48.928571428571,16.903649635036
487,Campaign_487,Conference,1276,850,95,16,11036,1.501176470588,13.431578947368,79.750000000000,8.648902821316
488,Campaign_488,Email,50287,871,93,27,16504,57.734787600459,540.720430107526,1862.481481481481,0.328196154075
489,Campaign_489,Email,18380,1070,109,26,21203,17.177570093457,168.623853211009,706.923076923076,1.153590859630
490,Campaign_490,Webinar,560,1038,102,32,23253,0.539499036608,5.490196078431,17.500000000000,41.523214285714
491,Campaign_491,Paid Ads,601,1013,114,29,21819,0.593287265547,5.271929824561,20.724137931034,36.304492512479
492,Campaign_492,Email,4291,908,101,20,15171,4.725770925110,42.485148514851,214.550000000000,3.535539501281
493,Campaign_493,Webinar,1509,1002,101,30,20760,1.505988023952,14.940594059405,50.300000000000,13.757455268389
494,Campaign_494,Referral,703,910,89,27,18992,0.772527472527,7.898876404494,26.037037037037,27.015647226173
495,Campaign_495,Conference,774,951,101,28,22043,0.813880126182,7.663366336633,27.642857142857,28.479328165374
496,Campaign_496,Conference,10704,1025,115,34,27154,10.442926829268,93.078260869565,314.823529411764,2.536808669656
497,Campaign_497,Referral,68576,915,93,25,19161,74.946448087431,737.376344086021,2743.040000000000,0.279412622491
498,Campaign_498,Email,9848,1050,109,31,26796,9.379047619047,90.348623853211,317.677419354838,2.720958570268
499,Campaign_499,Webinar,1312,1161,120,30,25268,1.130060292850,10.933333333333,43.733333333333,19.259146341463
500,Campaign_500,Referral,5783,981,89,15,13899,5.895005096839,64.977528089887,385.533333333333,2.403423828462
501,Campaign_501,Email,719,1,105,32,16560,719.000000000000,6.847619047619,22.468750000000,23.031988873435
502,Campaign_502,Social Media,7353,1,117,26,20556,7353.000000000000,62.846153846153,282.807692307692,2.795593635250
503,Campaign_503,Conference,575,1,103,26,17881,575.000000000000,5.582524271844,22.115384615384,31.097391304347
504,Campaign_504,Paid Ads,3709,1,91,26,15527,3709.000000000000,40.758241758241,142.653846153846,4.186303585872
505,Campaign_505,Paid Ads,15326,1,85,16,8233,15326.000000000000,180.305882352941,957.875000000000,0.537191700378
506,Campaign_506,Email,54163,1,100,13,11530,54163.000000000000,541.630000000000,4166.384615384615,0.212875948525
507,Campaign_507,Paid Ads,358,1,89,17,12699,358.000000000000,4.022471910112,21.058823529411,35.472067039106
508,Campaign_508,Paid Ads,517,1,96,20,15821,517.000000000000,5.385416666666,25.850000000000,30.601547388781
509,Campaign_509,Email,666,1,86,19,16993,666.000000000000,7.744186046511,35.052631578947,25.515015015015
510,Campaign_510,Conference,8224,1,98,16,10688,8224.000000000000,83.918367346938,514.000000000000,1.299610894941
511,Campaign_511,Webinar,56320,1,99,33,25435,56320.000000000000,568.888888888888,1706.666666666666,0.451615767045
512,Campaign_512,Website,8276,1,101,20,11691,8276.000000000000,81.940594059405,413.800000000000,1.412638956017
513,Campaign_513,Email,1309,1,101,33,18103,1309.000000000000,12.960396039603,39.666666666666,13.829640947288
514,Campaign_514,Social Media,715,1,115,27,16804,715.000000000000,6.217391304347,26.481481481481,23.502097902097
515,Campaign_515,Webinar,6445,1,98,21,19671,6445.000000000000,65.765306122448,306.904761904761,3.052133436772
516,Campaign_516,Paid Ads,7598,1,89,24,17820,7598.000000000000,85.370786516853,316.583333333333,2.345354040536
517,Campaign_517,Conference,28821,1,100,19,11624,28821.000000000000,288.210000000000,1516.894736842105,0.403317025779
518,Campaign_518,Email,5633,1,97,22,14457,5633.000000000000,58.072164948453,256.045454545454,2.566483223859
519,Campaign_519,Paid Ads,1156,1,90,20,11038,1156.000000000000,12.844444444444,57.800000000000,9.548442906574
520,Campaign_520,Webinar,351,1,99,31,23498,351.000000000000,3.545454545454,11.322580645161,66.945868945868
521,Campaign_521,Paid Ads,50229,1,89,24,13147,50229.000000000000,564.370786516853,2092.875000000000,0.261741225188
522,Campaign_522,Social Media,605,1,111,30,26081,605.000000000000,5.450450450450,20.166666666666,43.109090909090
523,Campaign_523,Webinar,1038,1,109,31,24983,1038.000000000000,9.522935779816,33.483870967741,24.068400770712
524,Campaign_524,Email,20525,1,108,25,18823,20525.000000000000,190.046296296296,821.000000000000,0.917076735688
525,Campaign_525,Email,69212,1,93,32,21167,69212.000000000000,744.215053763440,2162.875000000000,0.305828469051
526,Campaign_526,Webinar,710,1,112,22,19398,710.000000000000,6.339285714285,32.272727272727,27.321126760563
527,Campaign_527,Email,1344,1,105,23,18224,1344.000000000000,12.800000000000,58.434782608695,13.559523809523
528,Campaign_528,Email,17201,1,101,29,19400,17201.000000000000,170.306930693069,593.137931034482,1.127841404569
529,Campaign_529,Website,427,1,115,26,20526,427.000000000000,3.713043478260,16.423076923076,48.070257611241
530,Campaign_530,Paid Ads,11540,1,89,28,18022,11540.000000000000,129.662921348314,412.142857142857,1.561698440207
531,Campaign_531,Email,1038,1,120,31,23665,1038.000000000000,8.650000000000,33.483870967741,22.798651252408
532,Campaign_532,Paid Ads,1460,1,114,33,26621,1460.000000000000,12.807017543859,44.242424242424,18.233561643835
533,Campaign_533,Paid Ads,933,1,98,20,16726,933.000000000000,9.520408163265,46.650000000000,17.927116827438
534,Campaign_534,Conference,28049,1,101,22,14095,28049.000000000000,277.712871287128,1274.954545454545,0.502513458590
535,Campaign_535,Webinar,18380,1,101,25,23441,18380.000000000000,181.980198019801,735.200000000000,1.275353645266
536,Campaign_536,Email,1956,1,93,22,13788,1956.000000000000,21.032258064516,88.909090909090,7.049079754601
537,Campaign_537,Social Media,996,1,103,28,17399,996.000000000000,9.669902912621,35.571428571428,17.468875502008
538,Campaign_538,Paid Ads,16939,1,82,22,21643,16939.000000000000,206.573170731707,769.954545454545,1.277702343703
539,Campaign_539,Email,43001,1,108,34,21875,43001.000000000000,398.157407407407,1264.735294117647,0.508709099788
540,Campaign_540,Referral,7563,1,103,28,13806,7563.000000000000,73.427184466019,270.107142857142,1.825466084886
541,Campaign_541,Webinar,8895,1,97,25,19477,8895.000000000000,91.701030927835,355.800000000000,2.189657110736
542,Campaign_542,Email,30338,1,90,23,16854,30338.000000000000,337.088888888888,1319.043478260869,0.555540905794
543,Campaign_543,Email,4056,1,90,23,15684,4056.000000000000,45.066666666666,176.347826086956,3.866863905325
544,Campaign_544,Email,9705,1,106,26,20740,9705.000000000000,91.556603773584,373.269230769230,2.137042761463
545,Campaign_545,Conference,5125,1,113,34,23176,5125.000000000000,45.353982300884,150.735294117647,4.522146341463
546,Campaign_546,Paid Ads,3474,1,93,31,19908,3474.000000000000,37.354838709677,112.064516129032,5.730569948186
547,Campaign_547,Social Media,2035,1,80,25,16709,2035.000000000000,25.437500000000,81.400000000000,8.210810810810
548,Campaign_548,Paid Ads,356,1,104,31,25669,356.000000000000,3.423076923076,11.483870967741,72.103932584269
549,Campaign_549,Email,5619,1,99,17,12792,5619.000000000000,56.757575757575,330.529411764705,2.276561665776
550,Campaign_550,Paid Ads,743,1,114,29,22934,743.000000000000,6.517543859649,25.620689655172,30.866756393001
551,Campaign_551,Webinar,321,1,99,27,18746,321.000000000000,3.242424242424,11.888888888888,58.398753894080
552,Campaign_552,Paid Ads,13718,1,95,25,23162,13718.000000000000,144.400000000000,548.720000000000,1.688438547893
553,Campaign_553,Email,11090,1,102,23,13312,11090.000000000000,108.725490196078,482.173913043478,1.200360685302
554,Campaign_554,Webinar,20525,1,121,36,27142,20525.000000000000,169.628099173553,570.138888888888,1.322387332521
555,Campaign_555,Social Media,715,1,97,27,18058,715.000000000000,7.371134020618,26.481481481481,25.255944055944
556,Campaign_556,Webinar,17201,1,110,23,16524,17201.000000000000,156.372727272727,747.869565217391,0.960641823149
557,Campaign_557,Social Media,1465,1,111,34,21156,1465.000000000000,13.198198198198,43.088235294117,14.440955631399
558,Campaign_558,Webinar,5783,1,91,24,16721,5783.000000000000,63.549450549450,240.958333333333,2.891405844717
559,Campaign_559,Email,770,1,83,27,18203,770.000000000000,9.277108433734,28.518518518518,23.640259740259
560,Campaign_560,Paid Ads,14197,1,95,15,11061,14197.000000000000,149.442105263157,946.466666666666,0.779108262308
561,Campaign_561,Webinar,6876,1,101,18,6431,6876.000000000000,68.079207920792,382.000000000000,0.935282140779
562,Campaign_562,Paid Ads,659,1,125,30,30714,659.000000000000,5.272000000000,21.966666666666,46.606980273141
563,Campaign_563,Paid Ads,3927,1,112,33,20970,3927.000000000000,35.062500000000,119.000000000000,5.339954163483
564,Campaign_564,Webinar,37857,1,95,19,12156,37857.000000000000,398.494736842105,1992.473684210526,0.321103098502
565,Campaign_565,Email,1146,1,99,20,15565,1146.000000000000,11.575757575757,57.300000000000,13.582024432809
566,Campaign_566,Paid Ads,44062,1,82,19,13022,44062.000000000000,537.341463414634,2319.052631578947,0.295538105396
567,Campaign_567,Email,7068,1,106,26,19262,7068.000000000000,66.679245283018,271.846153846153,2.725240520656
568,Campaign_568,Paid Ads,947,1,111,30,23278,947.000000000000,8.531531531531,31.566666666666,24.580781414994
569,Campaign_569,Social Media,42701,1,90,22,15609,42701.000000000000,474.455555555555,1940.954545454545,0.365541790590
570,Campaign_570,Email,552,1,94,22,16190,552.000000000000,5.872340425531,25.090909090909,29.329710144927
571,Campaign_571,Email,13718,1,110,33,27501,13718.000000000000,124.709090909090,415.696969696969,2.004738300043
572,Campaign_572,Email,11540,1,102,34,28379,11540.000000000000,113.137254901960,339.411764705882,2.459185441941
573,Campaign_573,Paid Ads,3927,1,115,28,21985,3927.000000000000,34.147826086956,140.250000000000,5.598421186656
574,Campaign_574,Conference,1216,1,102,24,12687,1216.000000000000,11.921568627450,50.666666666666,10.433388157894
575,Campaign_575,Webinar,1147,1,93,21,12953,1147.000000000000,12.333333333333,54.619047619047,11.292938099389
576,Campaign_576,Paid Ads,43946,1,101,29,18752,43946.000000000000,435.108910891089,1515.379310344827,0.426705502207
577,Campaign_577,Email,1298,1,99,25,19671,1298.000000000000,13.111111111111,51.920000000000,15.154853620955
578,Campaign_578,Social Media,415,1,94,19,14168,415.000000000000,4.414893617021,21.842105263157,34.139759036144
579,Campaign_579,Webinar,221,1,101,16,13940,221.000000000000,2.188118811881,13.812500000000,63.076923076923
580,Campaign_580,Paid Ads,4511,1,96,22,10832,4511.000000000000,46.989583333333,205.045454545454,2.401241409886
581,Campaign_581,Social Media,2712,1,100,20,17980,2712.000000000000,27.120000000000,135.600000000000,6.629793510324
582,Campaign_582,Email,1117,1,94,24,17881,1117.000000000000,11.882978723404,46.541666666666,16.008057296329
583,Campaign_583,Paid Ads,4808,1,93,18,8542,4808.000000000000,51.698924731182,267.111111111111,1.776622296173
584,Campaign_584,Conference,15491,1,104,23,19014,15491.000000000000,148.951923076923,673.521739130434,1.227422374281
585,Campaign_585,Referral,507,1,107,34,28494,507.000000000000,4.738317757009,14.911764705882,56.201183431952
586,Campaign_586,Email,710,1,102,29,28178,710.000000000000,6.960784313725,24.482758620689,39.687323943661
587,Campaign_587,Webinar,1243,1,102,24,12605,1243.000000000000,12.186274509803,51.791666666666,10.140788415124
588,Campaign_588,Email,771,1,86,16,10063,771.000000000000,8.965116279069,48.187500000000,13.051880674448
589,Campaign_589,Referral,7631,1,87,19,18047,7631.000000000000,87.712643678160,401.631578947368,2.364958721006
590,Campaign_590,Paid Ads,37857,1,95,22,19470,37857.000000000000,398.494736842105,1720.772727272727,0.514303827561
591,Campaign_591,Paid Ads,46688,1,118,32,24073,46688.000000000000,395.661016949152,1459.000000000000,0.515614290610
592,Campaign_592,Email,1465,1,91,26,17815,1465.000000000000,16.098901098901,56.346153846153,12.160409556313
593,Campaign_593,Email,3474,1,96,20,11596,3474.000000000000,36.187500000000,173.700000000000,3.337938975244
594,Campaign_594,Social Media,13718,1,98,25,21836,13718.000000000000,139.979591836734,548.720000000000,1.591777227001
595,Campaign_595,Email,31411,1,98,23,13459,31411.000000000000,320.520408163265,1365.695652173913,0.428480468625
596,Campaign_596,Email,50229,1,100,24,21800,50229.000000000000,502.290000000000,2092.875000000000,0.434012224014
597,Campaign_597,Email,2503,1,87,24,17599,2503.000000000000,28.770114942528,104.291666666666,7.031162604874
598,Campaign_598,Conference,48006,1,100,21,22160,48006.000000000000,480.060000000000,2286.000000000000,0.461608965545
599,Campaign_599,Social Media,2001,1,109,28,20107,2001.000000000000,18.357798165137,71.464285714285,10.048475762118
600,Campaign_600,Webinar,7563,1,108,22,15889,7563.000000000000,70.027777777777,343.772727272727,2.100885891841
