campaign_id,campaign_name,channel,start_date,end_date,spend_amount,campaign_goal,is_active,touches,leads,conversions,attributed_revenue
1,Campaign_1,Conference,2024-05-02 15:56:35.0000000,2024-06-01 15:56:35.0000000,69413,Engagement Boost,1,1045,109,28,22912
2,Campaign_2,Email,2019-10-19 21:17:16.0000000,2019-11-15 21:17:16.0000000,6876,Event Attendance,1,1060,113,27,18299
3,Campaign_3,Email,2024-01-21 19:20:10.0000000,2024-03-05 19:20:10.0000000,1343,Engagement Boost,1,959,101,19,12621
4,Campaign_4,Email,2022-01-15 22:44:23.0000000,2022-02-17 22:44:23.0000000,1892,Lead Generation,1,717,74,22,16130
5,Campaign_5,Webinar,2022-12-03 10:45:16.0000000,2023-01-03 10:45:16.0000000,2530,Event Attendance,1,936,93,22,18268
6,Campaign_6,Conference,2022-09-04 13:20:20.0000000,2022-11-20 13:20:20.0000000,1312,Lead Generation,1,962,105,26,18092
7,Campaign_7,Website,2022-03-22 22:40:38.0000000,2022-04-24 22:40:38.0000000,528,Engagement Boost,1,1018,101,21,15987
8,Campaign_8,Paid Ads,2019-02-19 05:22:01.0000000,2019-06-05 05:22:01.0000000,5675,Event Attendance,1,854,74,14,16597
9,Campaign_9,Website,2022-03-21 17:54:26.0000000,2022-06-01 17:54:26.0000000,42701,Engagement Boost,0,812,95,27,23977
10,Campaign_10,Social Media,2023-02-06 21:19:18.0000000,2023-04-16 21:19:18.0000000,1490,Event Attendance,0,901,91,24,21139
11,Campaign_11,Email,2020-12-17 03:26:02.0000000,2021-03-31 03:26:02.0000000,1151,Engagement Boost,0,1017,109,24,16850
12,Campaign_12,Social Media,2020-11-20 06:51:32.0000000,2021-03-15 06:51:32.0000000,28874,Member Conversion,0,958,93,25,24342
13,Campaign_13,Paid Ads,2023-04-04 13:30:11.0000000,2023-07-17 13:30:11.0000000,48642,Engagement Boost,1,1140,111,23,11287
14,Campaign_14,Email,2020-06-07 03:56:23.0000000,2020-08-22 03:56:23.0000000,11179,Member Conversion,0,968,97,23,15528
15,Campaign_15,Webinar,2020-10-19 16:02:31.0000000,2020-11-25 16:02:31.0000000,37284,Engagement Boost,1,874,99,22,9409
16,Campaign_16,Email,2021-07-10 22:09:06.0000000,2021-08-02 22:09:06.0000000,22602,Event Attendance,1,1153,119,23,14836
17,Campaign_17,Webinar,2020-10-20 06:15:49.0000000,2020-11-15 06:15:49.0000000,33931,Event Attendance,0,1003,99,20,18195
18,Campaign_18,Webinar,2022-05-31 02:27:13.0000000,2022-06-15 02:27:13.0000000,369,Event Attendance,1,1055,115,35,20710
19,Campaign_19,Webinar,2022-09-11 22:38:15.0000000,2022-11-22 22:38:15.0000000,720,Brand Awareness,0,951,98,24,20996
20,Campaign_20,Paid Ads,2020-09-18 08:29:31.0000000,2020-10-03 08:29:31.0000000,54542,Lead Generation,0,893,88,22,14925
21,Campaign_21,Paid Ads,2018-02-22 07:56:13.0000000,2018-04-11 07:56:13.0000000,5135,Event Attendance,0,952,98,27,24814
22,Campaign_22,Webinar,2021-05-19 18:12:53.0000000,2021-09-06 18:12:53.0000000,47520,Member Conversion,0,914,92,23,16629
23,Campaign_23,Paid Ads,2018-02-08 17:06:09.0000000,2018-04-11 17:06:09.0000000,20585,Event Attendance,1,845,90,16,9410
24,Campaign_24,Paid Ads,2024-09-09 10:00:25.0000000,2024-12-21 10:00:25.0000000,1183,Brand Awareness,1,812,89,24,21578
25,Campaign_25,Email,2021-05-15 15:34:45.0000000,2021-09-10 15:34:45.0000000,45059,Member Conversion,1,1135,107,26,19170
26,Campaign_26,Webinar,2018-12-18 06:26:04.0000000,2019-01-02 06:26:04.0000000,38742,Brand Awareness,1,891,90,22,15931
27,Campaign_27,Email,2021-02-20 10:32:56.0000000,2021-03-22 10:32:56.0000000,237,Member Conversion,0,822,89,22,18960
28,Campaign_28,Webinar,2023-08-12 12:16:48.0000000,2023-10-26 12:16:48.0000000,527,Engagement Boost,0,1034,99,21,17671
29,Campaign_29,Conference,2021-05-16 13:19:22.0000000,2021-09-10 13:19:22.0000000,26754,Lead Generation,0,995,94,25,22655
30,Campaign_30,Paid Ads,2024-09-19 08:18:02.0000000,2024-12-06 08:18:02.0000000,1399,Lead Generation,1,942,98,19,13787
31,Campaign_31,Paid Ads,2021-05-20 20:18:06.0000000,2021-08-05 20:18:06.0000000,1113,Brand Awareness,1,799,92,25,15164
32,Campaign_32,Referral,2019-12-22 11:51:05.0000000,2020-03-14 11:51:05.0000000,653,Lead Generation,1,975,106,25,18814
33,Campaign_33,Social Media,2024-05-08 18:18:39.0000000,2024-06-13 18:18:39.0000000,236,Brand Awareness,1,735,85,20,11153
34,Campaign_34,Website,2023-09-27 00:31:23.0000000,2024-01-12 00:31:23.0000000,1172,Brand Awareness,0,913,94,28,23822
35,Campaign_35,Social Media,2022-12-08 06:31:23.0000000,2023-02-27 06:31:23.0000000,1795,Brand Awareness,1,926,94,30,25839
36,Campaign_36,Email,2024-02-29 10:48:46.0000000,2024-05-29 10:48:46.0000000,6036,Lead Generation,1,849,88,27,17770
37,Campaign_37,Email,2020-07-12 02:51:41.0000000,2020-08-21 02:51:41.0000000,7068,Brand Awareness,1,978,113,28,16495
38,Campaign_38,Paid Ads,2021-10-29 04:17:01.0000000,2021-11-28 04:17:01.0000000,53648,Lead Generation,0,806,84,23,20381
39,Campaign_39,Email,2022-10-15 14:33:18.0000000,2022-12-19 14:33:18.0000000,43001,Brand Awareness,0,998,91,24,16943
40,Campaign_40,Paid Ads,2019-08-29 03:53:22.0000000,2019-12-22 03:53:22.0000000,1263,Event Attendance,1,808,84,21,18315
41,Campaign_41,Paid Ads,2019-01-06 22:30:03.0000000,2019-04-16 22:30:03.0000000,14516,Brand Awareness,1,1142,121,35,24016
42,Campaign_42,Paid Ads,2019-12-09 14:20:38.0000000,2020-02-18 14:20:38.0000000,2317,Member Conversion,1,981,95,24,15498
43,Campaign_43,Conference,2024-03-23 07:04:19.0000000,2024-05-05 07:04:19.0000000,10396,Brand Awareness,1,910,96,21,14571
44,Campaign_44,Conference,2022-01-27 01:28:31.0000000,2022-04-29 01:28:31.0000000,23546,Engagement Boost,0,1116,115,29,22195
45,Campaign_45,Paid Ads,2021-12-25 15:59:52.0000000,2022-04-10 15:59:52.0000000,897,Brand Awareness,0,923,98,22,16466
46,Campaign_46,Social Media,2024-04-28 01:29:38.0000000,2024-07-20 01:29:38.0000000,1263,Member Conversion,1,1038,104,18,11247
47,Campaign_47,Paid Ads,2024-06-16 06:36:20.0000000,2024-08-16 06:36:20.0000000,35561,Member Conversion,1,918,92,23,19164
48,Campaign_48,Social Media,2024-02-18 04:36:02.0000000,2024-06-05 04:36:02.0000000,8183,Lead Generation,0,1005,106,29,25158
49,Campaign_49,Email,2024-03-13 00:23:48.0000000,2024-05-28 00:23:48.0000000,5930,Event Attendance,1,949,98,20,23312
50,Campaign_50,Referral,2019-10-09 04:42:48.0000000,2019-12-31 04:42:48.0000000,31572,Brand Awareness,0,916,98,21,15800
51,Campaign_51,Webinar,2018-05-07 20:10:14.0000000,2018-08-05 20:10:14.0000000,748,Lead Generation,1,1021,108,30,20504
52,Campaign_52,Paid Ads,2019-10-22 09:42:41.0000000,2019-11-21 09:42:41.0000000,3312,Event Attendance,1,1000,105,31,25768
53,Campaign_53,Email,2019-07-20 23:28:03.0000000,2019-11-01 23:28:03.0000000,1485,Brand Awareness,1,862,95,25,24304
54,Campaign_54,Paid Ads,2018-08-22 17:24:40.0000000,2018-12-04 17:24:40.0000000,415,Engagement Boost,1,917,91,23,16846
55,Campaign_55,Email,2021-10-30 10:49:31.0000000,2021-12-31 10:49:31.0000000,1370,Brand Awareness,0,1137,121,35,24912
56,Campaign_56,Email,2018-02-09 04:22:37.0000000,2018-05-19 04:22:37.0000000,535,Member Conversion,1,1052,113,29,23777
57,Campaign_57,Webinar,2019-06-02 19:22:33.0000000,2019-07-25 19:22:33.0000000,1391,Member Conversion,1,923,104,27,18767
58,Campaign_58,Paid Ads,2020-03-04 16:29:13.0000000,2020-06-26 16:29:13.0000000,291,Engagement Boost,1,769,77,15,13077
59,Campaign_59,Webinar,2022-10-15 09:58:12.0000000,2022-12-01 09:58:12.0000000,552,Lead Generation,1,1127,117,33,26080
60,Campaign_60,Website,2023-11-28 02:50:41.0000000,2024-03-15 02:50:41.0000000,770,Event Attendance,1,828,91,18,13241
61,Campaign_61,Paid Ads,2018-05-12 20:32:46.0000000,2018-09-04 20:32:46.0000000,7959,Brand Awareness,1,920,101,26,21767
62,Campaign_62,Webinar,2024-06-19 01:43:07.0000000,2024-07-26 01:43:07.0000000,980,Member Conversion,0,1140,112,30,19630
63,Campaign_63,Email,2020-10-25 17:59:35.0000000,2020-11-18 17:59:35.0000000,38130,Lead Generation,1,1100,110,35,21828
64,Campaign_64,Conference,2022-09-06 11:06:22.0000000,2022-11-28 11:06:22.0000000,37088,Engagement Boost,1,1000,110,26,19963
65,Campaign_65,Paid Ads,2024-08-01 05:16:18.0000000,2024-11-23 05:16:18.0000000,692,Member Conversion,0,853,80,19,16640
66,Campaign_66,Referral,2022-09-03 01:50:05.0000000,2022-10-21 01:50:05.0000000,1393,Engagement Boost,1,782,86,26,26448
67,Campaign_67,Social Media,2020-03-09 09:03:12.0000000,2020-05-14 09:03:12.0000000,25670,Brand Awareness,0,760,91,29,23431
68,Campaign_68,Paid Ads,2019-03-13 10:55:31.0000000,2019-06-30 10:55:31.0000000,666,Event Attendance,1,907,95,30,23017
69,Campaign_69,Email,2023-02-09 05:49:27.0000000,2023-03-05 05:49:27.0000000,3469,Member Conversion,0,935,94,26,16223
70,Campaign_70,Social Media,2018-09-24 12:24:35.0000000,2018-10-27 12:24:35.0000000,5795,Member Conversion,0,1023,107,24,21555
71,Campaign_71,Conference,2024-10-29 06:17:33.0000000,2025-01-09 06:17:33.0000000,206,Brand Awareness,0,975,104,22,17494
72,Campaign_72,Email,2020-09-24 14:04:53.0000000,2021-01-12 14:04:53.0000000,332,Lead Generation,0,950,97,22,16479
73,Campaign_73,Email,2020-10-13 03:51:17.0000000,2020-10-28 03:51:17.0000000,2556,Event Attendance,1,830,79,20,12777
74,Campaign_74,Conference,2024-05-10 23:31:53.0000000,2024-08-01 23:31:53.0000000,1325,Member Conversion,0,903,94,25,20158
75,Campaign_75,Email,2018-09-16 12:13:55.0000000,2018-10-04 12:13:55.0000000,4808,Event Attendance,1,852,88,25,21931
76,Campaign_76,Website,2022-04-06 14:12:44.0000000,2022-05-06 14:12:44.0000000,7150,Member Conversion,1,940,92,20,18367
77,Campaign_77,Paid Ads,2022-05-14 22:27:10.0000000,2022-06-21 22:27:10.0000000,734,Event Attendance,1,815,91,24,19696
78,Campaign_78,Email,2022-01-20 14:37:05.0000000,2022-04-24 14:37:05.0000000,10719,Engagement Boost,1,889,97,30,22808
79,Campaign_79,Social Media,2021-06-03 08:37:45.0000000,2021-06-19 08:37:45.0000000,562,Member Conversion,1,920,90,22,14566
80,Campaign_80,Paid Ads,2019-09-02 03:44:43.0000000,2019-12-17 03:44:43.0000000,281,Event Attendance,1,860,105,29,17768
81,Campaign_81,Paid Ads,2018-04-10 08:49:37.0000000,2018-05-26 08:49:37.0000000,23787,Lead Generation,1,939,94,23,14966
82,Campaign_82,Email,2020-09-28 16:09:45.0000000,2021-01-11 16:09:45.0000000,31588,Engagement Boost,0,851,83,19,13172
83,Campaign_83,Email,2020-09-12 14:57:01.0000000,2020-12-19 14:57:01.0000000,494,Engagement Boost,0,878,91,26,19711
84,Campaign_84,Webinar,2022-10-26 17:49:01.0000000,2022-12-03 17:49:01.0000000,1447,Lead Generation,1,892,90,24,14346
85,Campaign_85,Paid Ads,2023-06-01 01:50:22.0000000,2023-06-27 01:50:22.0000000,13309,Event Attendance,1,871,92,19,15679
86,Campaign_86,Webinar,2024-05-19 03:08:31.0000000,2024-07-22 03:08:31.0000000,1336,Brand Awareness,1,1027,108,31,22074
87,Campaign_87,Conference,2019-11-29 23:17:34.0000000,2020-01-17 23:17:34.0000000,4064,Lead Generation,1,989,104,22,17984
88,Campaign_88,Webinar,2021-07-16 02:15:35.0000000,2021-09-01 02:15:35.0000000,559,Event Attendance,1,751,83,19,14027
89,Campaign_89,Email,2019-01-30 21:31:57.0000000,2019-03-18 21:31:57.0000000,36966,Lead Generation,1,1130,114,28,14593
90,Campaign_90,Paid Ads,2019-02-26 16:27:02.0000000,2019-05-12 16:27:02.0000000,12009,Lead Generation,1,985,99,23,18631
91,Campaign_91,Website,2020-11-01 16:14:51.0000000,2021-01-05 16:14:51.0000000,899,Member Conversion,0,921,109,26,18734
92,Campaign_92,Conference,2024-02-27 06:15:20.0000000,2024-04-24 06:15:20.0000000,647,Event Attendance,1,879,90,20,14793
93,Campaign_93,Webinar,2021-03-22 17:49:49.0000000,2021-07-15 17:49:49.0000000,1055,Brand Awareness,1,1074,108,20,14107
94,Campaign_94,Email,2019-09-30 19:10:31.0000000,2019-10-26 19:10:31.0000000,564,Member Conversion,1,810,87,19,21631
95,Campaign_95,Email,2022-05-12 09:52:20.0000000,2022-08-01 09:52:20.0000000,674,Lead Generation,1,1006,104,23,16542
96,Campaign_96,Conference,2019-11-11 21:38:23.0000000,2020-01-29 21:38:23.0000000,1207,Lead Generation,1,1095,109,27,23035
97,Campaign_97,Social Media,2020-11-27 06:23:13.0000000,2021-01-13 06:23:13.0000000,6445,Lead Generation,0,811,85,29,22527
98,Campaign_98,Webinar,2023-05-28 02:33:18.0000000,2023-07-21 02:33:18.0000000,666,Event Attendance,1,1033,107,24,22570
99,Campaign_99,Social Media,2020-03-18 04:06:12.0000000,2020-06-14 04:06:12.0000000,13718,Event Attendance,1,1009,101,33,20287
100,Campaign_100,Conference,2021-04-20 12:46:15.0000000,2021-06-16 12:46:15.0000000,37257,Member Conversion,0,1033,113,32,17077
101,Campaign_101,Email,2024-01-09 20:16:25.0000000,2024-03-07 20:16:25.0000000,7352,Brand Awareness,0,1049,98,21,18045
102,Campaign_102,Paid Ads,2021-10-11 17:22:32.0000000,2021-11-23 17:22:32.0000000,47207,Member Conversion,0,962,100,27,24576
103,Campaign_103,Email,2022-03-18 18:18:35.0000000,2022-04-14 18:18:35.0000000,18281,Engagement Boost,1,794,85,21,13086
104,Campaign_104,Email,2024-01-23 19:25:47.0000000,2024-02-18 19:25:47.0000000,771,Lead Generation,0,1025,105,32,18816
105,Campaign_105,Social Media,2023-10-24 10:24:59.0000000,2024-02-10 10:24:59.0000000,2882,Lead Generation,1,928,104,26,14908
106,Campaign_106,Paid Ads,2021-07-16 10:14:04.0000000,2021-09-14 10:14:04.0000000,2245,Lead Generation,1,840,84,21,12979
107,Campaign_107,Paid Ads,2020-03-02 14:20:24.0000000,2020-03-18 14:20:24.0000000,36,Member Conversion,1,1034,107,24,20404
108,Campaign_108,Email,2024-04-19 06:26:36.0000000,2024-06-07 06:26:36.0000000,1188,Member Conversion,1,1027,102,30,22220
109,Campaign_109,Email,2023-06-25 16:19:56.0000000,2023-10-04 16:19:56.0000000,21507,Lead Generation,1,995,102,30,24724
110,Campaign_110,Email,2019-08-23 00:58:40.0000000,2019-11-26 00:58:40.0000000,2387,Member Conversion,1,887,94,22,18815
111,Campaign_111,Email,2020-02-17 06:57:28.0000000,2020-05-31 06:57:28.0000000,683,Event Attendance,0,1122,113,27,17077
112,Campaign_112,Webinar,2024-09-21 00:54:30.0000000,2024-10-13 00:54:30.0000000,1465,Event Attendance,0,924,98,27,22974
113,Campaign_113,Email,2024-08-03 01:12:40.0000000,2024-11-18 01:12:40.0000000,15491,Member Conversion,0,935,89,23,19879
114,Campaign_114,Webinar,2021-01-10 19:02:47.0000000,2021-02-19 19:02:47.0000000,3040,Lead Generation,1,950,101,20,20903
115,Campaign_115,Email,2020-09-15 07:34:24.0000000,2020-12-12 07:34:24.0000000,7667,Member Conversion,0,886,100,26,18883
116,Campaign_116,Email,2019-07-12 12:49:47.0000000,2019-10-24 12:49:47.0000000,1117,Member Conversion,1,999,99,24,24717
117,Campaign_117,Email,2023-12-02 19:24:55.0000000,2024-01-19 19:24:55.0000000,71888,Member Conversion,0,881,89,18,16970
118,Campaign_118,Webinar,2018-10-02 12:08:55.0000000,2019-01-29 12:08:55.0000000,1085,Engagement Boost,1,1125,105,24,17337
119,Campaign_119,Webinar,2019-12-01 21:53:02.0000000,2019-12-22 21:53:02.0000000,904,Event Attendance,0,984,107,36,33634
120,Campaign_120,Paid Ads,2018-05-28 05:07:22.0000000,2018-08-18 05:07:22.0000000,221,Brand Awareness,1,875,99,26,16775
121,Campaign_121,Paid Ads,2019-07-18 20:00:50.0000000,2019-09-28 20:00:50.0000000,5569,Brand Awareness,0,947,107,28,23438
122,Campaign_122,Conference,2020-08-20 06:12:32.0000000,2020-11-17 06:12:32.0000000,13383,Engagement Boost,0,1138,118,30,21344
123,Campaign_123,Email,2021-03-31 04:33:11.0000000,2021-05-13 04:33:11.0000000,7353,Member Conversion,1,875,108,31,22165
124,Campaign_124,Email,2023-08-26 07:58:26.0000000,2023-10-15 07:58:26.0000000,28821,Engagement Boost,1,1046,114,28,21970
125,Campaign_125,Social Media,2023-06-21 03:16:50.0000000,2023-10-02 03:16:50.0000000,5799,Engagement Boost,0,1053,109,25,17692
126,Campaign_126,Webinar,2020-11-23 08:30:24.0000000,2020-12-28 08:30:24.0000000,29860,Lead Generation,1,966,95,22,19519
127,Campaign_127,Email,2023-12-01 09:46:34.0000000,2024-01-20 09:46:34.0000000,5811,Event Attendance,0,1009,107,29,20189
128,Campaign_128,Website,2019-07-28 21:17:56.0000000,2019-08-21 21:17:56.0000000,16939,Brand Awareness,1,953,99,28,20473
129,Campaign_129,Conference,2024-12-25 04:19:53.0000000,2025-04-19 04:19:53.0000000,30338,Member Conversion,1,932,101,20,14869
130,Campaign_130,Email,2024-04-03 23:14:46.0000000,2024-06-29 23:14:46.0000000,26730,Brand Awareness,1,951,96,29,17288
131,Campaign_131,Webinar,2021-07-20 07:06:33.0000000,2021-08-27 07:06:33.0000000,1147,Brand Awareness,1,1018,108,27,20877
132,Campaign_132,Webinar,2023-06-10 09:44:59.0000000,2023-08-27 09:44:59.0000000,35083,Event Attendance,0,761,77,19,11302
133,Campaign_133,Paid Ads,2024-11-20 12:13:58.0000000,2025-03-13 12:13:58.0000000,26510,Brand Awareness,1,1012,109,32,28573
134,Campaign_134,Paid Ads,2023-02-10 01:15:52.0000000,2023-04-14 01:15:52.0000000,228,Brand Awareness,1,1004,104,20,17616
135,Campaign_135,Email,2019-08-18 01:42:35.0000000,2019-12-09 01:42:35.0000000,1906,Engagement Boost,1,947,106,30,20692
136,Campaign_136,Webinar,2020-07-03 13:41:53.0000000,2020-08-22 13:41:53.0000000,49064,Event Attendance,1,1022,108,29,26991
137,Campaign_137,Paid Ads,2022-06-24 23:17:52.0000000,2022-09-28 23:17:52.0000000,12813,Lead Generation,0,922,91,29,24507
138,Campaign_138,Social Media,2018-02-22 14:39:43.0000000,2018-06-19 14:39:43.0000000,2626,Member Conversion,0,938,100,21,10399
139,Campaign_139,Webinar,2023-12-20 08:39:25.0000000,2024-04-08 08:39:25.0000000,14191,Brand Awareness,1,819,90,21,15334
140,Campaign_140,Email,2019-09-23 11:47:35.0000000,2019-10-31 11:47:35.0000000,1146,Member Conversion,0,940,98,29,21036
141,Campaign_141,Webinar,2023-07-28 06:16:04.0000000,2023-09-03 06:16:04.0000000,1069,Lead Generation,0,1013,100,19,12554
142,Campaign_142,Email,2023-09-25 02:37:22.0000000,2023-12-10 02:37:22.0000000,13801,Member Conversion,1,959,108,15,7755
143,Campaign_143,Webinar,2021-12-02 13:05:47.0000000,2022-03-22 13:05:47.0000000,937,Lead Generation,0,947,88,26,20397
144,Campaign_144,Webinar,2019-09-17 05:38:47.0000000,2019-11-07 05:38:47.0000000,715,Engagement Boost,1,879,85,18,11335
145,Campaign_145,Email,2021-05-13 22:14:45.0000000,2021-06-08 22:14:45.0000000,22288,Brand Awareness,1,992,102,21,15937
146,Campaign_146,Paid Ads,2019-08-31 02:22:18.0000000,2019-11-08 02:22:18.0000000,9266,Lead Generation,0,1000,96,22,19900
147,Campaign_147,Email,2022-09-22 16:30:56.0000000,2022-10-19 16:30:56.0000000,11540,Member Conversion,1,1000,95,28,17190
148,Campaign_148,Email,2019-01-30 01:07:46.0000000,2019-03-08 01:07:46.0000000,1038,Brand Awareness,0,890,89,14,12578
149,Campaign_149,Paid Ads,2022-08-28 16:37:02.0000000,2022-12-09 16:37:02.0000000,49846,Engagement Boost,0,1046,110,22,17268
150,Campaign_150,Paid Ads,2021-07-03 18:43:25.0000000,2021-10-24 18:43:25.0000000,996,Brand Awareness,1,907,96,22,14732
151,Campaign_151,Referral,2022-12-16 03:22:42.0000000,2023-04-14 03:22:42.0000000,356,Lead Generation,0,1022,106,28,27150
152,Campaign_152,Paid Ads,2019-06-21 03:03:28.0000000,2019-08-04 03:03:28.0000000,1298,Engagement Boost,1,1060,101,15,12884
153,Campaign_153,Email,2022-08-29 13:24:20.0000000,2022-09-29 13:24:20.0000000,31411,Member Conversion,1,1009,112,25,13054
154,Campaign_154,Webinar,2024-08-07 04:45:42.0000000,2024-10-22 04:45:42.0000000,1353,Engagement Boost,0,987,92,28,17533
155,Campaign_155,Email,2020-11-08 06:49:34.0000000,2021-02-14 06:49:34.0000000,5155,Engagement Boost,0,783,81,21,12486
156,Campaign_156,Referral,2018-10-29 15:47:25.0000000,2019-02-09 15:47:25.0000000,11093,Event Attendance,1,1025,110,31,21632
157,Campaign_157,Webinar,2023-07-03 23:09:14.0000000,2023-10-11 23:09:14.0000000,4530,Engagement Boost,1,883,87,21,11316
158,Campaign_158,Conference,2021-02-04 01:19:04.0000000,2021-03-03 01:19:04.0000000,1048,Engagement Boost,0,975,101,25,22505
159,Campaign_159,Email,2021-02-25 10:24:14.0000000,2021-05-09 10:24:14.0000000,4453,Brand Awareness,0,866,97,22,20453
160,Campaign_160,Paid Ads,2024-08-02 12:30:17.0000000,2024-09-04 12:30:17.0000000,947,Member Conversion,0,976,99,27,15110
161,Campaign_161,Paid Ads,2021-06-17 14:11:53.0000000,2021-08-19 14:11:53.0000000,4511,Brand Awareness,1,928,90,32,23822
162,Campaign_162,Social Media,2018-04-02 07:02:19.0000000,2018-07-25 07:02:19.0000000,1188,Brand Awareness,1,1113,115,30,20996
163,Campaign_163,Email,2024-03-06 10:05:00.0000000,2024-04-01 10:05:00.0000000,44214,Lead Generation,1,1045,107,28,22401
164,Campaign_164,Email,2019-12-08 20:10:26.0000000,2020-02-21 20:10:26.0000000,36602,Brand Awareness,0,1017,103,27,14852
165,Campaign_165,Referral,2022-04-12 08:28:46.0000000,2022-08-09 08:28:46.0000000,283,Event Attendance,1,932,90,20,17581
166,Campaign_166,Paid Ads,2020-10-29 03:56:15.0000000,2020-12-01 03:56:15.0000000,1480,Event Attendance,1,971,104,30,17627
167,Campaign_167,Paid Ads,2019-07-22 05:08:54.0000000,2019-10-20 05:08:54.0000000,20857,Lead Generation,0,998,116,28,21219
168,Campaign_168,Email,2023-02-26 12:56:16.0000000,2023-03-21 12:56:16.0000000,27982,Member Conversion,1,897,99,33,27433
169,Campaign_169,Referral,2018-04-03 06:16:19.0000000,2018-06-27 06:16:19.0000000,13425,Member Conversion,0,811,89,23,23465
170,Campaign_170,Email,2018-02-08 13:17:48.0000000,2018-03-22 13:17:48.0000000,3980,Brand Awareness,0,964,104,27,20240
171,Campaign_171,Conference,2019-03-03 01:14:07.0000000,2019-06-03 01:14:07.0000000,31431,Brand Awareness,0,1004,100,29,21877
172,Campaign_172,Conference,2019-02-03 11:33:23.0000000,2019-05-23 11:33:23.0000000,1208,Brand Awareness,1,948,104,26,23507
173,Campaign_173,Email,2022-06-07 21:19:25.0000000,2022-08-12 21:19:25.0000000,992,Member Conversion,1,1001,98,21,13097
174,Campaign_174,Webinar,2019-12-14 10:05:24.0000000,2020-03-20 10:05:24.0000000,991,Engagement Boost,0,832,95,13,12248
175,Campaign_175,Email,2023-09-15 17:22:46.0000000,2023-10-15 17:22:46.0000000,2309,Event Attendance,0,1265,133,41,24578
176,Campaign_176,Email,2022-10-25 21:28:12.0000000,2023-01-16 21:28:12.0000000,7390,Engagement Boost,0,841,89,24,16711
177,Campaign_177,Conference,2023-06-04 12:16:14.0000000,2023-09-25 12:16:14.0000000,28019,Engagement Boost,1,1015,105,28,26945
178,Campaign_178,Social Media,2018-10-03 22:46:02.0000000,2018-10-29 22:46:02.0000000,23639,Member Conversion,0,1019,113,27,24465
179,Campaign_179,Webinar,2020-02-13 13:16:12.0000000,2020-03-23 13:16:12.0000000,2107,Engagement Boost,0,888,91,16,12700
180,Campaign_180,Paid Ads,2023-08-15 22:37:23.0000000,2023-10-20 22:37:23.0000000,1283,Lead Generation,0,870,91,27,20257
181,Campaign_181,Email,2018-09-24 03:03:40.0000000,2019-01-01 03:03:40.0000000,8573,Brand Awareness,0,963,92,25,22035
182,Campaign_182,Email,2019-12-21 19:12:31.0000000,2020-04-13 19:12:31.0000000,10776,Lead Generation,0,896,91,25,18043
183,Campaign_183,Email,2022-12-13 17:41:26.0000000,2023-02-18 17:41:26.0000000,5676,Event Attendance,0,799,83,19,16416
184,Campaign_184,Email,2023-05-31 01:19:54.0000000,2023-07-07 01:19:54.0000000,719,Brand Awareness,1,894,91,21,16754
185,Campaign_185,Email,2018-12-29 03:16:02.0000000,2019-01-28 03:16:02.0000000,1590,Engagement Boost,1,746,86,26,20958
186,Campaign_186,Paid Ads,2022-12-06 13:40:37.0000000,2023-02-15 13:40:37.0000000,1550,Event Attendance,1,888,95,23,14273
187,Campaign_187,Email,2018-09-29 19:23:07.0000000,2018-11-21 19:23:07.0000000,5633,Brand Awareness,1,989,103,23,16040
188,Campaign_188,Email,2024-03-18 11:06:37.0000000,2024-05-24 11:06:37.0000000,8342,Engagement Boost,1,1024,97,23,17673
189,Campaign_189,Paid Ads,2019-02-22 18:04:40.0000000,2019-04-19 18:04:40.0000000,2934,Lead Generation,1,1048,108,19,10354
190,Campaign_190,Social Media,2023-11-08 06:08:52.0000000,2024-01-19 06:08:52.0000000,69788,Brand Awareness,1,880,85,21,22532
191,Campaign_191,Email,2020-08-04 05:07:39.0000000,2020-09-26 05:07:39.0000000,1159,Engagement Boost,1,946,95,20,14092
192,Campaign_192,Website,2022-03-19 01:22:51.0000000,2022-04-16 01:22:51.0000000,8059,Lead Generation,0,1031,103,26,19813
193,Campaign_193,Social Media,2023-08-26 11:17:39.0000000,2023-12-13 11:17:39.0000000,10884,Event Attendance,0,926,98,26,20587
194,Campaign_194,Email,2020-05-22 20:42:05.0000000,2020-06-10 20:42:05.0000000,10655,Event Attendance,1,885,96,26,19440
195,Campaign_195,Conference,2019-02-16 14:44:13.0000000,2019-04-06 14:44:13.0000000,52859,Event Attendance,0,1115,118,31,24116
196,Campaign_196,Webinar,2023-05-10 17:07:22.0000000,2023-08-19 17:07:22.0000000,877,Event Attendance,1,948,104,19,13265
197,Campaign_197,Webinar,2019-08-12 19:39:43.0000000,2019-11-27 19:39:43.0000000,1026,Member Conversion,1,838,97,23,16193
198,Campaign_198,Paid Ads,2020-11-14 10:54:19.0000000,2021-02-11 10:54:19.0000000,8224,Brand Awareness,1,783,83,23,17150
199,Campaign_199,Paid Ads,2023-12-18 04:51:36.0000000,2024-01-19 04:51:36.0000000,933,Brand Awareness,1,922,103,23,21157
200,Campaign_200,Paid Ads,2018-10-01 13:53:42.0000000,2018-12-30 13:53:42.0000000,205,Member Conversion,0,918,95,13,7577
201,Campaign_201,Paid Ads,2022-05-02 04:49:01.0000000,2022-05-25 04:49:01.0000000,7598,Engagement Boost,0,1031,104,25,19892
202,Campaign_202,Webinar,2024-06-21 19:39:12.0000000,2024-09-17 19:39:12.0000000,1496,Engagement Boost,1,910,97,24,15016
203,Campaign_203,Webinar,2021-01-05 04:48:00.0000000,2021-03-18 04:48:00.0000000,1759,Event Attendance,1,925,96,32,30629
204,Campaign_204,Paid Ads,2023-07-04 01:01:44.0000000,2023-08-04 01:01:44.0000000,2875,Lead Generation,1,861,98,14,8955
205,Campaign_205,Conference,2021-02-01 22:22:18.0000000,2021-05-28 22:22:18.0000000,39531,Engagement Boost,1,838,94,20,14753
206,Campaign_206,Email,2018-01-26 20:50:00.0000000,2018-02-16 20:50:00.0000000,10712,Lead Generation,1,1109,115,28,21661
207,Campaign_207,Email,2018-10-02 03:22:27.0000000,2018-12-01 03:22:27.0000000,43565,Brand Awareness,1,940,98,24,17944
208,Campaign_208,Social Media,2023-06-15 20:00:12.0000000,2023-07-12 20:00:12.0000000,1216,Lead Generation,0,872,90,18,13626
209,Campaign_209,Email,2024-07-25 13:19:36.0000000,2024-09-17 13:19:36.0000000,1155,Brand Awareness,0,1005,109,17,13161
210,Campaign_210,Email,2018-12-12 14:12:54.0000000,2019-02-06 14:12:54.0000000,7869,Member Conversion,1,892,98,14,8687
211,Campaign_211,Email,2023-05-26 07:16:21.0000000,2023-06-18 07:16:21.0000000,1213,Member Conversion,0,841,92,27,26054
212,Campaign_212,Email,2019-06-19 06:01:43.0000000,2019-08-22 06:01:43.0000000,700,Event Attendance,1,963,98,28,18593
213,Campaign_213,Referral,2022-08-22 14:15:54.0000000,2022-10-02 14:15:54.0000000,40201,Engagement Boost,1,993,105,19,14706
214,Campaign_214,Webinar,2023-10-10 06:17:44.0000000,2023-12-29 06:17:44.0000000,21967,Event Attendance,1,1220,124,26,20308
215,Campaign_215,Website,2024-06-10 18:51:41.0000000,2024-06-29 18:51:41.0000000,894,Brand Awareness,0,1041,108,25,23398
216,Campaign_216,Webinar,2022-09-17 08:43:16.0000000,2022-10-30 08:43:16.0000000,1287,Event Attendance,0,971,97,30,21514
217,Campaign_217,Paid Ads,2018-09-03 08:54:56.0000000,2018-10-24 08:54:56.0000000,920,Lead Generation,0,985,100,29,30754
218,Campaign_218,Email,2020-08-22 23:48:57.0000000,2020-10-13 23:48:57.0000000,34589,Brand Awareness,1,1081,115,30,26495
219,Campaign_219,Webinar,2021-06-02 11:34:03.0000000,2021-09-07 11:34:03.0000000,35015,Member Conversion,0,939,104,30,19234
220,Campaign_220,Email,2018-09-26 22:01:50.0000000,2018-10-18 22:01:50.0000000,537,Engagement Boost,1,1074,106,24,15636
221,Campaign_221,Social Media,2023-11-23 00:13:46.0000000,2024-02-10 00:13:46.0000000,22773,Brand Awareness,0,896,92,27,18505
222,Campaign_222,Social Media,2019-06-17 01:05:57.0000000,2019-09-25 01:05:57.0000000,806,Brand Awareness,1,1163,122,29,19292
223,Campaign_223,Email,2022-04-04 03:40:15.0000000,2022-05-05 03:40:15.0000000,365,Lead Generation,1,1150,115,28,28501
224,Campaign_224,Referral,2020-07-23 02:05:19.0000000,2020-10-16 02:05:19.0000000,31143,Engagement Boost,1,1052,109,25,16794
225,Campaign_225,Social Media,2020-02-11 10:50:16.0000000,2020-05-24 10:50:16.0000000,11154,Member Conversion,0,901,98,10,9253
226,Campaign_226,Webinar,2021-12-04 10:53:39.0000000,2022-02-01 10:53:39.0000000,1824,Brand Awareness,1,1041,102,27,21980
227,Campaign_227,Email,2024-12-16 15:59:44.0000000,2025-01-03 15:59:44.0000000,46688,Brand Awareness,0,876,86,34,24565
228,Campaign_228,Paid Ads,2018-04-29 22:03:41.0000000,2018-06-18 22:03:41.0000000,4043,Lead Generation,1,937,105,28,27226
229,Campaign_229,Paid Ads,2022-09-01 04:07:12.0000000,2022-11-24 04:07:12.0000000,6197,Event Attendance,0,1005,101,22,19159
230,Campaign_230,Email,2018-07-14 15:16:09.0000000,2018-08-28 15:16:09.0000000,978,Member Conversion,0,916,97,17,12478
231,Campaign_231,Email,2021-05-25 03:17:07.0000000,2021-06-27 03:17:07.0000000,2213,Engagement Boost,0,1044,112,27,18789
232,Campaign_232,Conference,2018-03-30 14:21:49.0000000,2018-06-13 14:21:49.0000000,1311,Brand Awareness,1,1077,110,20,15337
233,Campaign_233,Email,2019-03-14 15:54:14.0000000,2019-05-21 15:54:14.0000000,552,Brand Awareness,1,997,103,27,17321
234,Campaign_234,Webinar,2021-05-16 08:27:46.0000000,2021-07-08 08:27:46.0000000,600,Member Conversion,1,849,94,28,17256
235,Campaign_235,Website,2024-12-04 04:11:28.0000000,2025-03-19 04:11:28.0000000,44499,Event Attendance,0,972,109,27,20811
236,Campaign_236,Social Media,2021-02-21 15:46:44.0000000,2021-05-20 15:46:44.0000000,1088,Brand Awareness,1,1031,108,26,26131
237,Campaign_237,Email,2022-09-28 22:19:28.0000000,2023-01-10 22:19:28.0000000,45,Member Conversion,1,861,81,23,15098
238,Campaign_238,Social Media,2023-01-08 15:50:40.0000000,2023-02-10 15:50:40.0000000,43559,Lead Generation,1,1032,109,32,20527
239,Campaign_239,Email,2020-04-14 04:31:54.0000000,2020-06-06 04:31:54.0000000,10783,Event Attendance,1,1064,109,25,20465
240,Campaign_240,Email,2024-05-28 13:56:00.0000000,2024-08-17 13:56:00.0000000,1309,Engagement Boost,0,901,93,22,13153
241,Campaign_241,Webinar,2023-04-29 09:57:21.0000000,2023-06-27 09:57:21.0000000,56787,Brand Awareness,1,975,102,22,16396
242,Campaign_242,Paid Ads,2018-05-14 04:11:45.0000000,2018-06-10 04:11:45.0000000,872,Member Conversion,0,892,90,21,20344
243,Campaign_243,Paid Ads,2022-11-27 09:50:19.0000000,2023-03-13 09:50:19.0000000,1713,Lead Generation,1,831,87,24,19020
244,Campaign_244,Webinar,2022-07-01 23:03:50.0000000,2022-09-11 23:03:50.0000000,1135,Engagement Boost,1,823,93,26,22448
245,Campaign_245,Email,2021-11-25 00:33:40.0000000,2021-12-29 00:33:40.0000000,441,Member Conversion,1,888,93,20,17948
246,Campaign_246,Email,2022-06-08 03:00:47.0000000,2022-09-22 03:00:47.0000000,201,Member Conversion,1,1048,104,31,19563
247,Campaign_247,Paid Ads,2022-07-12 15:44:32.0000000,2022-10-06 15:44:32.0000000,11368,Engagement Boost,1,1062,100,24,18234
248,Campaign_248,Conference,2019-04-10 20:35:12.0000000,2019-06-24 20:35:12.0000000,13040,Lead Generation,0,798,87,16,11078
249,Campaign_249,Webinar,2020-09-15 23:30:09.0000000,2021-01-12 23:30:09.0000000,788,Lead Generation,1,896,92,18,16098
250,Campaign_250,Email,2022-03-18 18:23:48.0000000,2022-05-10 18:23:48.0000000,64985,Event Attendance,0,1021,110,26,14748
251,Campaign_251,Paid Ads,2019-05-27 04:17:29.0000000,2019-06-11 04:17:29.0000000,48201,Brand Awareness,1,972,98,26,15865
252,Campaign_252,Email,2024-07-21 13:43:59.0000000,2024-08-07 13:43:59.0000000,20525,Engagement Boost,1,886,91,24,21056
253,Campaign_253,Email,2022-02-10 02:05:42.0000000,2022-05-12 02:05:42.0000000,28398,Engagement Boost,0,901,92,15,9661
254,Campaign_254,Conference,2024-06-01 02:53:55.0000000,2024-09-15 02:53:55.0000000,37857,Engagement Boost,1,1015,105,20,19892
255,Campaign_255,Email,2020-07-01 08:22:14.0000000,2020-09-15 08:22:14.0000000,3709,Lead Generation,1,782,86,17,15505
256,Campaign_256,Email,2019-08-01 14:44:26.0000000,2019-10-17 14:44:26.0000000,321,Brand Awareness,1,982,110,24,18101
257,Campaign_257,Webinar,2024-10-28 08:25:30.0000000,2024-12-06 08:25:30.0000000,342,Event Attendance,1,1043,111,27,18491
258,Campaign_258,Webinar,2023-07-18 00:29:50.0000000,2023-09-26 00:29:50.0000000,4041,Member Conversion,0,797,89,29,25924
259,Campaign_259,Webinar,2022-06-19 12:40:36.0000000,2022-08-05 12:40:36.0000000,605,Member Conversion,1,935,103,27,17874
260,Campaign_260,Email,2018-12-30 04:11:31.0000000,2019-02-20 04:11:31.0000000,14078,Engagement Boost,0,977,101,25,12309
261,Campaign_261,Email,2024-04-01 20:26:09.0000000,2024-04-21 20:26:09.0000000,627,Brand Awareness,0,734,80,21,17947
262,Campaign_262,Email,2019-03-01 00:20:21.0000000,2019-05-12 00:20:21.0000000,3895,Lead Generation,1,876,95,31,16609
263,Campaign_263,Email,2021-03-30 07:40:05.0000000,2021-05-27 07:40:05.0000000,11090,Brand Awareness,0,928,109,25,16456
264,Campaign_264,Webinar,2022-11-14 08:51:22.0000000,2023-01-12 08:51:22.0000000,516,Brand Awareness,1,1073,107,25,17771
265,Campaign_265,Social Media,2018-07-15 10:54:54.0000000,2018-08-30 10:54:54.0000000,834,Lead Generation,0,1029,112,29,25492
266,Campaign_266,Conference,2021-10-13 10:29:03.0000000,2021-12-11 10:29:03.0000000,9925,Engagement Boost,1,868,93,24,18917
267,Campaign_267,Conference,2024-07-31 05:58:39.0000000,2024-10-14 05:58:39.0000000,4056,Brand Awareness,0,1067,105,36,35449
268,Campaign_268,Paid Ads,2021-02-07 12:26:08.0000000,2021-04-09 12:26:08.0000000,973,Member Conversion,1,968,104,27,19674
269,Campaign_269,Webinar,2021-07-02 10:13:28.0000000,2021-08-06 10:13:28.0000000,1296,Lead Generation,1,1115,114,21,11563
270,Campaign_270,Paid Ads,2019-02-16 14:30:19.0000000,2019-05-21 14:30:19.0000000,422,Event Attendance,0,903,94,23,19352
271,Campaign_271,Paid Ads,2019-02-12 13:31:38.0000000,2019-05-22 13:31:38.0000000,11631,Engagement Boost,0,1068,97,18,13113
272,Campaign_272,Paid Ads,2019-02-18 05:34:07.0000000,2019-05-18 05:34:07.0000000,752,Lead Generation,1,878,99,28,21969
273,Campaign_273,Email,2023-07-20 22:38:20.0000000,2023-11-12 22:38:20.0000000,915,Event Attendance,1,985,90,25,19586
274,Campaign_274,Paid Ads,2024-03-29 15:40:50.0000000,2024-05-18 15:40:50.0000000,34289,Event Attendance,0,756,87,19,14048
275,Campaign_275,Referral,2021-11-12 10:06:11.0000000,2022-03-05 10:06:11.0000000,1307,Brand Awareness,0,855,92,24,22500
276,Campaign_276,Email,2019-11-01 01:06:03.0000000,2019-12-04 01:06:03.0000000,14398,Brand Awareness,0,847,89,29,17018
277,Campaign_277,Email,2022-06-16 13:35:31.0000000,2022-07-20 13:35:31.0000000,450,Brand Awareness,0,968,99,28,25348
278,Campaign_278,Paid Ads,2020-04-04 14:02:58.0000000,2020-06-14 14:02:58.0000000,582,Lead Generation,0,880,92,21,13701
279,Campaign_279,Conference,2021-03-21 14:59:37.0000000,2021-04-22 14:59:37.0000000,206,Lead Generation,0,995,105,26,17908
280,Campaign_280,Webinar,2019-08-25 03:34:26.0000000,2019-10-25 03:34:26.0000000,54163,Engagement Boost,1,898,92,19,13590
281,Campaign_281,Webinar,2023-04-23 11:46:26.0000000,2023-08-20 11:46:26.0000000,1207,Brand Awareness,1,1081,124,30,24209
282,Campaign_282,Email,2022-12-03 19:42:11.0000000,2023-02-04 19:42:11.0000000,1899,Event Attendance,0,1049,108,26,23091
283,Campaign_283,Webinar,2020-09-29 19:05:03.0000000,2020-10-27 19:05:03.0000000,16653,Member Conversion,0,1010,99,24,20191
284,Campaign_284,Email,2022-08-02 01:41:26.0000000,2022-08-31 01:41:26.0000000,13577,Engagement Boost,1,733,73,13,9416
285,Campaign_285,Social Media,2024-09-20 00:26:27.0000000,2024-11-04 00:26:27.0000000,221,Lead Generation,1,994,107,34,24748
286,Campaign_286,Webinar,2018-05-31 06:53:28.0000000,2018-06-15 06:53:28.0000000,609,Engagement Boost,0,878,93,27,23394
287,Campaign_287,Email,2018-06-20 21:22:40.0000000,2018-08-27 21:22:40.0000000,1894,Engagement Boost,1,727,75,20,15599
288,Campaign_288,Email,2021-01-27 01:28:07.0000000,2021-02-13 01:28:07.0000000,714,Engagement Boost,1,1085,106,23,22908
289,Campaign_289,Email,2019-08-07 08:49:03.0000000,2019-09-06 08:49:03.0000000,1350,Engagement Boost,1,945,92,22,19187
290,Campaign_290,Paid Ads,2020-06-01 10:10:46.0000000,2020-09-10 10:10:46.0000000,1008,Member Conversion,1,1018,111,30,24941
291,Campaign_291,Email,2021-06-07 04:49:43.0000000,2021-08-17 04:49:43.0000000,1073,Brand Awareness,1,1081,120,38,32685
292,Campaign_292,Webinar,2019-09-15 10:03:44.0000000,2019-12-13 10:03:44.0000000,213,Event Attendance,1,962,102,22,15672
293,Campaign_293,Paid Ads,2024-11-24 19:39:54.0000000,2024-12-20 19:39:54.0000000,9179,Engagement Boost,1,1032,112,22,19510
294,Campaign_294,Email,2021-11-21 00:59:07.0000000,2022-02-17 00:59:07.0000000,15326,Engagement Boost,0,881,88,23,20907
295,Campaign_295,Email,2024-06-29 23:33:12.0000000,2024-10-17 23:33:12.0000000,4595,Engagement Boost,1,894,95,29,26494
296,Campaign_296,Email,2024-12-08 21:47:04.0000000,2025-01-07 21:47:04.0000000,3956,Brand Awareness,0,995,101,20,15118
297,Campaign_297,Social Media,2020-12-08 07:56:33.0000000,2021-03-04 07:56:33.0000000,1466,Lead Generation,0,784,94,25,14369
298,Campaign_298,Email,2024-10-06 06:47:50.0000000,2025-01-30 06:47:50.0000000,321,Lead Generation,1,987,109,24,19042
299,Campaign_299,Webinar,2023-08-23 09:21:34.0000000,2023-11-21 09:21:34.0000000,36890,Member Conversion,0,841,91,22,16193
300,Campaign_300,Social Media,2018-04-27 06:57:33.0000000,2018-06-04 06:57:33.0000000,5638,Lead Generation,1,829,92,19,15325
301,Campaign_301,Webinar,2019-02-16 19:40:25.0000000,2019-03-30 19:40:25.0000000,949,Engagement Boost,0,910,95,20,14251
302,Campaign_302,Social Media,2019-01-30 18:43:46.0000000,2019-02-21 18:43:46.0000000,5427,Engagement Boost,1,907,88,26,23147
303,Campaign_303,Paid Ads,2023-08-03 14:34:46.0000000,2023-11-17 14:34:46.0000000,9780,Engagement Boost,0,1078,100,26,22975
304,Campaign_304,Referral,2022-10-06 01:35:55.0000000,2022-11-25 01:35:55.0000000,3927,Member Conversion,0,973,105,27,25186
305,Campaign_305,Email,2024-10-19 06:32:47.0000000,2025-01-31 06:32:47.0000000,33380,Engagement Boost,1,1110,111,21,20071
306,Campaign_306,Email,2018-08-23 17:48:09.0000000,2018-09-14 17:48:09.0000000,508,Lead Generation,1,774,83,25,20095
307,Campaign_307,Webinar,2024-01-30 11:24:31.0000000,2024-04-11 11:24:31.0000000,1194,Brand Awareness,0,1018,111,26,22973
308,Campaign_308,Website,2020-04-06 23:23:31.0000000,2020-06-19 23:23:31.0000000,28049,Brand Awareness,0,1080,125,28,18563
309,Campaign_309,Social Media,2022-01-13 22:31:23.0000000,2022-03-18 22:31:23.0000000,1113,Event Attendance,1,949,101,29,29937
310,Campaign_310,Email,2019-06-23 07:42:40.0000000,2019-08-04 07:42:40.0000000,1661,Lead Generation,0,1062,94,20,16478
311,Campaign_311,Email,2022-03-02 06:31:11.0000000,2022-06-16 06:31:11.0000000,42412,Engagement Boost,1,946,103,29,27427
312,Campaign_312,Website,2021-10-19 21:05:01.0000000,2022-02-11 21:05:01.0000000,1311,Brand Awareness,0,837,95,29,29899
313,Campaign_313,Email,2021-01-09 08:25:47.0000000,2021-03-05 08:25:47.0000000,10920,Lead Generation,1,959,94,20,16274
314,Campaign_314,Conference,2021-06-17 12:55:00.0000000,2021-10-09 12:55:00.0000000,30658,Brand Awareness,0,908,92,26,17196
315,Campaign_315,Social Media,2019-01-15 14:30:55.0000000,2019-04-03 14:30:55.0000000,1123,Engagement Boost,1,877,93,28,18440
316,Campaign_316,Paid Ads,2019-02-07 17:25:14.0000000,2019-03-20 17:25:14.0000000,954,Brand Awareness,1,933,93,17,11033
317,Campaign_317,Paid Ads,2018-03-02 00:08:22.0000000,2018-05-18 00:08:22.0000000,33706,Event Attendance,1,867,91,24,17701
318,Campaign_318,Paid Ads,2021-08-11 19:16:24.0000000,2021-09-11 19:16:24.0000000,14732,Event Attendance,1,1104,105,23,16587
319,Campaign_319,Email,2021-12-06 04:51:52.0000000,2022-03-03 04:51:52.0000000,292,Brand Awareness,1,1084,120,37,26899
320,Campaign_320,Social Media,2022-12-30 20:13:22.0000000,2023-02-15 20:13:22.0000000,1430,Lead Generation,1,971,100,29,22453
321,Campaign_321,Paid Ads,2019-10-02 03:59:14.0000000,2020-01-08 03:59:14.0000000,1352,Lead Generation,0,1097,110,37,28137
322,Campaign_322,Social Media,2023-03-27 15:24:31.0000000,2023-06-26 15:24:31.0000000,902,Lead Generation,1,794,85,17,13329
323,Campaign_323,Email,2022-08-26 03:49:35.0000000,2022-12-10 03:49:35.0000000,35027,Brand Awareness,1,983,103,29,19403
324,Campaign_324,Referral,2021-01-04 02:33:38.0000000,2021-02-16 02:33:38.0000000,1061,Lead Generation,1,1025,104,26,21512
325,Campaign_325,Paid Ads,2023-12-19 12:24:51.0000000,2024-01-15 12:24:51.0000000,358,Engagement Boost,1,982,99,31,19667
326,Campaign_326,Email,2019-08-24 19:40:07.0000000,2019-10-23 19:40:07.0000000,1156,Event Attendance,1,814,79,23,17542
327,Campaign_327,Email,2022-01-06 20:33:57.0000000,2022-02-24 20:33:57.0000000,2571,Engagement Boost,1,985,99,24,14201
328,Campaign_328,Conference,2022-01-25 02:54:47.0000000,2022-02-14 02:54:47.0000000,603,Lead Generation,1,1043,101,20,11307
329,Campaign_329,Webinar,2019-09-27 19:18:56.0000000,2020-01-01 19:18:56.0000000,14803,Engagement Boost,1,926,97,33,26958
330,Campaign_330,Social Media,2020-04-26 15:32:39.0000000,2020-07-18 15:32:39.0000000,931,Lead Generation,1,1013,105,29,21426
331,Campaign_331,Email,2023-03-26 06:55:47.0000000,2023-05-26 06:55:47.0000000,11579,Brand Awareness,1,777,78,18,11596
332,Campaign_332,Email,2020-12-11 17:28:42.0000000,2021-01-19 17:28:42.0000000,5453,Engagement Boost,1,922,99,23,18961
333,Campaign_333,Paid Ads,2022-12-26 19:45:11.0000000,2023-03-16 19:45:11.0000000,7675,Brand Awareness,1,931,97,29,15730
334,Campaign_334,Paid Ads,2022-10-23 19:01:55.0000000,2022-11-16 19:01:55.0000000,1155,Brand Awareness,0,900,90,31,23763
335,Campaign_335,Paid Ads,2021-03-16 21:14:13.0000000,2021-05-25 21:14:13.0000000,351,Member Conversion,1,947,98,23,17400
336,Campaign_336,Referral,2023-12-27 16:01:43.0000000,2024-02-09 16:01:43.0000000,1146,Lead Generation,0,1042,102,27,19003
337,Campaign_337,Referral,2023-12-24 17:24:35.0000000,2024-01-12 17:24:35.0000000,1107,Event Attendance,1,1138,114,35,21251
338,Campaign_338,Website,2020-06-23 01:29:33.0000000,2020-08-09 01:29:33.0000000,7563,Lead Generation,0,1031,107,22,15069
339,Campaign_339,Conference,2019-04-03 04:30:26.0000000,2019-06-21 04:30:26.0000000,11465,Event Attendance,0,966,100,23,15870
340,Campaign_340,Paid Ads,2023-04-22 06:51:41.0000000,2023-05-24 06:51:41.0000000,7631,Lead Generation,1,1052,107,23,15273
341,Campaign_341,Paid Ads,2018-05-11 21:49:12.0000000,2018-08-29 21:49:12.0000000,14003,Brand Awareness,0,940,93,23,13733
342,Campaign_342,Paid Ads,2023-03-29 22:23:30.0000000,2023-05-31 22:23:30.0000000,777,Engagement Boost,1,936,92,19,15165
343,Campaign_343,Social Media,2022-12-03 17:08:40.0000000,2022-12-28 17:08:40.0000000,2882,Engagement Boost,1,882,88,29,20039
344,Campaign_344,Email,2018-09-09 14:42:36.0000000,2018-12-17 14:42:36.0000000,31017,Member Conversion,0,917,100,25,24425
345,Campaign_345,Paid Ads,2022-08-14 05:18:09.0000000,2022-09-23 05:18:09.0000000,16171,Event Attendance,0,1009,102,27,24978
346,Campaign_346,Email,2022-11-16 00:40:31.0000000,2023-02-01 00:40:31.0000000,17201,Event Attendance,1,1076,112,22,11305
347,Campaign_347,Paid Ads,2024-08-19 13:40:33.0000000,2024-11-30 13:40:33.0000000,954,Event Attendance,1,1036,112,25,20664
348,Campaign_348,Social Media,2024-07-19 17:56:17.0000000,2024-10-27 17:56:17.0000000,385,Brand Awareness,1,862,91,33,21093
349,Campaign_349,Conference,2018-08-07 11:40:37.0000000,2018-10-19 11:40:37.0000000,50229,Event Attendance,1,936,100,29,18435
350,Campaign_350,Email,2019-06-28 01:00:18.0000000,2019-08-08 01:00:18.0000000,836,Engagement Boost,0,937,102,32,29784
351,Campaign_351,Referral,2021-09-02 06:01:51.0000000,2021-11-04 06:01:51.0000000,5714,Brand Awareness,1,957,107,26,16782
352,Campaign_352,Webinar,2023-01-02 19:29:44.0000000,2023-04-03 19:29:44.0000000,1460,Lead Generation,1,1079,114,25,20192
353,Campaign_353,Email,2024-12-06 12:11:15.0000000,2025-01-22 12:11:15.0000000,38297,Event Attendance,1,942,103,22,19428
354,Campaign_354,Email,2021-05-11 19:27:28.0000000,2021-08-31 19:27:28.0000000,220,Event Attendance,1,1028,107,23,17023
355,Campaign_355,Email,2020-06-17 12:44:51.0000000,2020-10-14 12:44:51.0000000,24342,Lead Generation,1,1094,117,29,24996
356,Campaign_356,Email,2024-10-09 00:58:08.0000000,2025-01-30 00:58:08.0000000,65056,Event Attendance,0,788,80,20,16896
357,Campaign_357,Referral,2019-10-04 05:56:36.0000000,2019-10-19 05:56:36.0000000,1066,Lead Generation,0,941,105,21,16417
358,Campaign_358,Paid Ads,2021-05-09 12:11:43.0000000,2021-06-13 12:11:43.0000000,5591,Brand Awareness,0,895,100,24,12850
359,Campaign_359,Social Media,2022-12-31 12:43:50.0000000,2023-03-10 12:43:50.0000000,31723,Engagement Boost,1,911,102,20,14748
360,Campaign_360,Email,2022-07-21 07:22:42.0000000,2022-08-10 07:22:42.0000000,8895,Lead Generation,0,1044,104,26,18767
361,Campaign_361,Email,2022-06-10 04:41:52.0000000,2022-09-24 04:41:52.0000000,977,Member Conversion,0,1119,116,27,22770
362,Campaign_362,Paid Ads,2018-10-16 17:55:44.0000000,2019-01-19 17:55:44.0000000,19561,Lead Generation,0,901,106,24,18038
363,Campaign_363,Email,2023-10-16 16:28:31.0000000,2024-01-07 16:28:31.0000000,1139,Event Attendance,1,1081,116,31,25744
364,Campaign_364,Paid Ads,2022-03-30 16:56:43.0000000,2022-07-17 16:56:43.0000000,725,Brand Awareness,1,1013,99,22,16528
365,Campaign_365,Website,2019-03-15 03:36:26.0000000,2019-04-03 03:36:26.0000000,533,Brand Awareness,1,1067,107,26,22837
366,Campaign_366,Paid Ads,2019-07-18 08:20:37.0000000,2019-11-11 08:20:37.0000000,2001,Lead Generation,1,980,106,27,31706
367,Campaign_367,Webinar,2020-01-26 17:08:06.0000000,2020-02-12 17:08:06.0000000,574,Engagement Boost,1,1033,106,28,19612
368,Campaign_368,Email,2018-01-23 22:58:29.0000000,2018-03-31 22:58:29.0000000,31916,Member Conversion,1,904,95,33,25324
369,Campaign_369,Email,2021-09-22 14:41:33.0000000,2021-10-29 14:41:33.0000000,14197,Brand Awareness,1,960,94,23,19671
370,Campaign_370,Email,2022-11-01 05:44:05.0000000,2023-02-24 05:44:05.0000000,1204,Event Attendance,0,948,109,33,26333
371,Campaign_371,Webinar,2023-08-20 15:36:05.0000000,2023-10-26 15:36:05.0000000,12648,Event Attendance,1,1076,112,22,17269
372,Campaign_372,Email,2020-06-18 15:25:32.0000000,2020-08-08 15:25:32.0000000,517,Engagement Boost,1,1024,108,21,16476
373,Campaign_373,Paid Ads,2024-09-13 20:10:26.0000000,2024-12-10 20:10:26.0000000,580,Brand Awareness,0,1019,107,23,11562
374,Campaign_374,Webinar,2020-04-27 09:19:49.0000000,2020-07-24 09:19:49.0000000,43046,Lead Generation,0,913,101,27,17571
375,Campaign_375,Paid Ads,2022-03-26 22:17:43.0000000,2022-07-01 22:17:43.0000000,40923,Event Attendance,0,1092,110,25,18503
376,Campaign_376,Email,2018-11-02 03:40:10.0000000,2018-12-03 03:40:10.0000000,10321,Engagement Boost,0,1072,107,30,24761
377,Campaign_377,Email,2024-02-06 13:57:53.0000000,2024-05-15 13:57:53.0000000,8814,Brand Awareness,1,933,94,18,14807
378,Campaign_378,Website,2023-02-12 00:47:16.0000000,2023-05-15 00:47:16.0000000,1037,Brand Awareness,0,1052,105,32,26761
379,Campaign_379,Webinar,2018-05-12 02:10:37.0000000,2018-08-07 02:10:37.0000000,4216,Brand Awareness,1,1038,104,22,17274
380,Campaign_380,Paid Ads,2020-09-26 08:14:24.0000000,2020-10-11 08:14:24.0000000,69272,Brand Awareness,1,1093,110,27,18740
381,Campaign_381,Email,2019-12-18 00:30:19.0000000,2020-02-21 00:30:19.0000000,12232,Brand Awareness,1,943,99,23,12475
382,Campaign_382,Referral,2023-12-24 11:26:38.0000000,2024-02-21 11:26:38.0000000,227,Event Attendance,1,1032,98,23,16610
383,Campaign_383,Webinar,2019-01-20 21:44:36.0000000,2019-04-21 21:44:36.0000000,4113,Engagement Boost,1,1079,111,30,26522
384,Campaign_384,Email,2023-10-23 21:30:35.0000000,2023-11-10 21:30:35.0000000,48006,Brand Awareness,0,972,101,26,19773
385,Campaign_385,Social Media,2022-10-04 11:30:04.0000000,2022-12-19 11:30:04.0000000,659,Member Conversion,0,1060,105,24,26734
386,Campaign_386,Email,2022-03-10 16:51:30.0000000,2022-05-28 16:51:30.0000000,800,Member Conversion,1,931,92,22,21060
387,Campaign_387,Paid Ads,2019-04-18 10:57:07.0000000,2019-08-14 10:57:07.0000000,1118,Engagement Boost,1,1067,109,29,20903
388,Campaign_388,Webinar,2021-04-23 18:04:18.0000000,2021-06-08 18:04:18.0000000,302,Lead Generation,0,1091,118,20,13671
389,Campaign_389,Email,2020-07-11 07:48:15.0000000,2020-08-28 07:48:15.0000000,44198,Lead Generation,0,1019,118,28,19720
390,Campaign_390,Referral,2020-10-14 16:24:16.0000000,2021-01-28 16:24:16.0000000,1233,Lead Generation,1,961,89,27,17040
391,Campaign_391,Conference,2023-12-08 13:19:59.0000000,2024-03-26 13:19:59.0000000,49738,Member Conversion,0,864,84,25,17549
392,Campaign_392,Webinar,2018-05-28 01:43:55.0000000,2018-08-22 01:43:55.0000000,1629,Lead Generation,1,927,93,26,25708
393,Campaign_393,Email,2022-06-01 19:48:45.0000000,2022-07-24 19:48:45.0000000,27816,Event Attendance,1,1110,125,40,25272
394,Campaign_394,Email,2020-03-27 16:03:40.0000000,2020-05-06 16:03:40.0000000,2280,Brand Awareness,0,937,104,25,24227
395,Campaign_395,Email,2022-01-09 10:51:25.0000000,2022-02-26 10:51:25.0000000,8276,Member Conversion,1,814,90,23,18701
396,Campaign_396,Conference,2023-06-05 16:04:04.0000000,2023-08-12 16:04:04.0000000,7895,Engagement Boost,1,1005,116,28,17547
397,Campaign_397,Email,2019-02-27 05:45:41.0000000,2019-03-16 05:45:41.0000000,6802,Engagement Boost,0,815,82,30,17048
398,Campaign_398,Paid Ads,2020-02-08 08:27:20.0000000,2020-04-12 08:27:20.0000000,1171,Brand Awareness,0,845,90,26,19488
399,Campaign_399,Conference,2020-02-14 01:55:48.0000000,2020-03-11 01:55:48.0000000,28040,Member Conversion,1,966,103,23,18031
400,Campaign_400,Email,2020-06-26 05:27:56.0000000,2020-09-13 05:27:56.0000000,512,Lead Generation,1,1001,105,25,19338
401,Campaign_401,Webinar,2021-12-20 07:03:16.0000000,2022-02-26 07:03:16.0000000,575,Lead Generation,1,906,91,27,22592
402,Campaign_402,Email,2019-05-02 18:52:14.0000000,2019-05-21 18:52:14.0000000,2503,Event Attendance,0,1060,115,30,23050
403,Campaign_403,Referral,2021-07-22 10:20:18.0000000,2021-11-07 10:20:18.0000000,1344,Event Attendance,1,875,82,18,17437
404,Campaign_404,Paid Ads,2023-10-31 04:04:11.0000000,2024-02-16 04:04:11.0000000,43946,Lead Generation,1,859,100,18,11937
405,Campaign_405,Email,2023-07-07 17:39:44.0000000,2023-09-16 17:39:44.0000000,2456,Engagement Boost,0,1164,104,30,25712
406,Campaign_406,Email,2019-10-01 14:10:59.0000000,2019-11-01 14:10:59.0000000,886,Engagement Boost,1,1030,112,28,20339
407,Campaign_407,Paid Ads,2024-01-19 13:35:58.0000000,2024-03-20 13:35:58.0000000,8116,Event Attendance,1,925,89,24,26274
408,Campaign_408,Conference,2019-05-17 23:03:48.0000000,2019-06-23 23:03:48.0000000,2712,Brand Awareness,1,975,96,24,18273
409,Campaign_409,Conference,2018-06-19 13:31:11.0000000,2018-09-20 13:31:11.0000000,504,Lead Generation,0,1055,104,28,23883
410,Campaign_410,Webinar,2023-04-05 15:20:54.0000000,2023-07-29 15:20:54.0000000,5568,Event Attendance,1,909,92,25,18643
411,Campaign_411,Email,2020-07-07 09:21:36.0000000,2020-10-14 09:21:36.0000000,355,Event Attendance,1,867,91,23,10256
412,Campaign_412,Email,2018-08-08 19:39:43.0000000,2018-09-05 19:39:43.0000000,1890,Lead Generation,0,918,101,22,12116
413,Campaign_413,Email,2024-07-03 03:36:34.0000000,2024-09-21 03:36:34.0000000,718,Lead Generation,1,879,84,21,13433
414,Campaign_414,Webinar,2024-01-21 17:55:11.0000000,2024-04-19 17:55:11.0000000,2425,Engagement Boost,1,970,99,18,11836
415,Campaign_415,Social Media,2020-09-05 20:49:45.0000000,2020-11-09 20:49:45.0000000,5619,Brand Awareness,1,806,84,24,16305
416,Campaign_416,Paid Ads,2022-04-26 11:15:01.0000000,2022-08-21 11:15:01.0000000,2274,Brand Awareness,1,825,91,21,17855
417,Campaign_417,Email,2019-03-01 00:26:33.0000000,2019-04-22 00:26:33.0000000,1956,Lead Generation,1,905,81,22,18108
418,Campaign_418,Webinar,2019-01-11 20:49:43.0000000,2019-03-30 20:49:43.0000000,533,Member Conversion,1,1032,116,26,18433
419,Campaign_419,Social Media,2019-01-29 12:18:53.0000000,2019-05-21 12:18:53.0000000,1968,Event Attendance,1,712,76,13,7460
420,Campaign_420,Conference,2022-09-20 18:40:23.0000000,2022-11-11 18:40:23.0000000,710,Event Attendance,1,1093,110,30,24627
421,Campaign_421,Social Media,2020-11-30 17:31:29.0000000,2021-02-02 17:31:29.0000000,11508,Lead Generation,0,935,107,32,30086
422,Campaign_422,Email,2024-04-12 19:21:18.0000000,2024-08-02 19:21:18.0000000,1243,Member Conversion,0,1065,108,30,15056
423,Campaign_423,Email,2024-04-12 23:15:34.0000000,2024-07-17 23:15:34.0000000,481,Engagement Boost,0,881,94,27,16962
424,Campaign_424,Social Media,2020-01-20 19:55:45.0000000,2020-03-04 19:55:45.0000000,996,Lead Generation,0,1061,114,30,21513
425,Campaign_425,Webinar,2018-07-26 23:25:50.0000000,2018-10-27 23:25:50.0000000,8262,Lead Generation,1,1068,106,28,21587
426,Campaign_426,Email,2020-06-30 04:07:54.0000000,2020-10-13 04:07:54.0000000,1258,Event Attendance,0,1078,106,20,19019
427,Campaign_427,Conference,2024-03-01 09:46:17.0000000,2024-05-05 09:46:17.0000000,36404,Lead Generation,1,1012,106,27,18942
428,Campaign_428,Social Media,2018-04-28 23:10:57.0000000,2018-07-14 23:10:57.0000000,1282,Lead Generation,0,979,97,24,11094
429,Campaign_429,Webinar,2019-05-15 15:01:45.0000000,2019-09-04 15:01:45.0000000,1036,Lead Generation,0,903,95,23,21673
430,Campaign_430,Webinar,2022-12-04 00:14:31.0000000,2023-02-08 00:14:31.0000000,34856,Event Attendance,0,824,91,25,15797
431,Campaign_431,Paid Ads,2019-04-19 00:43:12.0000000,2019-06-10 00:43:12.0000000,17200,Engagement Boost,0,1122,117,34,25877
432,Campaign_432,Paid Ads,2019-08-01 16:47:04.0000000,2019-11-20 16:47:04.0000000,890,Engagement Boost,1,953,96,22,19439
433,Campaign_433,Paid Ads,2020-01-15 20:42:18.0000000,2020-04-26 20:42:18.0000000,3229,Lead Generation,1,833,87,20,10668
434,Campaign_434,Social Media,2020-11-30 08:19:01.0000000,2021-03-03 08:19:01.0000000,2035,Event Attendance,1,1173,120,22,12931
435,Campaign_435,Social Media,2024-05-24 22:37:35.0000000,2024-07-07 22:37:35.0000000,6585,Engagement Boost,1,939,89,26,27212
436,Campaign_436,Social Media,2023-12-07 23:06:04.0000000,2024-02-10 23:06:04.0000000,475,Engagement Boost,1,950,102,32,25203
437,Campaign_437,Email,2024-05-01 00:45:29.0000000,2024-08-04 00:45:29.0000000,892,Engagement Boost,0,908,96,24,18980
438,Campaign_438,Conference,2024-02-05 01:38:33.0000000,2024-02-24 01:38:33.0000000,3289,Event Attendance,0,933,101,33,17511
439,Campaign_439,Conference,2018-11-05 13:10:09.0000000,2018-12-18 13:10:09.0000000,1439,Event Attendance,1,962,96,21,15496
440,Campaign_440,Webinar,2024-09-02 11:37:59.0000000,2024-09-20 11:37:59.0000000,6370,Lead Generation,0,1036,110,32,20791
441,Campaign_441,Conference,2023-03-16 22:45:32.0000000,2023-04-09 22:45:32.0000000,5125,Brand Awareness,0,939,94,16,13104
442,Campaign_442,Social Media,2020-08-07 04:14:51.0000000,2020-10-16 04:14:51.0000000,716,Engagement Boost,0,876,87,20,15228
443,Campaign_443,Paid Ads,2019-07-18 20:00:57.0000000,2019-08-18 20:00:57.0000000,69212,Brand Awareness,0,1098,106,29,23858
444,Campaign_444,Paid Ads,2018-09-15 17:46:46.0000000,2018-12-12 17:46:46.0000000,184,Event Attendance,1,1040,105,24,19224
445,Campaign_445,Email,2018-03-17 09:00:40.0000000,2018-04-17 09:00:40.0000000,20398,Event Attendance,0,1016,104,30,24412
446,Campaign_446,Paid Ads,2018-05-24 21:09:55.0000000,2018-08-30 21:09:55.0000000,64503,Event Attendance,0,1084,107,21,15422
447,Campaign_447,Webinar,2024-07-28 18:23:40.0000000,2024-11-07 18:23:40.0000000,11638,Brand Awareness,1,896,97,16,12788
448,Campaign_448,Conference,2018-12-03 17:38:27.0000000,2019-02-24 17:38:27.0000000,11570,Event Attendance,1,915,102,21,11897
449,Campaign_449,Email,2021-05-25 23:07:44.0000000,2021-07-12 23:07:44.0000000,5249,Lead Generation,0,1127,119,30,21822
450,Campaign_450,Email,2019-02-24 14:24:07.0000000,2019-03-16 14:24:07.0000000,1918,Event Attendance,1,1229,127,32,24057
451,Campaign_451,Webinar,2019-12-21 03:39:43.0000000,2020-02-26 03:39:43.0000000,427,Member Conversion,0,984,97,28,22720
452,Campaign_452,Email,2020-12-18 21:06:53.0000000,2021-03-08 21:06:53.0000000,20115,Brand Awareness,0,1121,112,26,18735
453,Campaign_453,Email,2024-03-26 08:47:11.0000000,2024-06-25 08:47:11.0000000,44062,Member Conversion,1,920,98,25,16778
454,Campaign_454,Email,2024-11-28 17:12:45.0000000,2025-01-24 17:12:45.0000000,27911,Event Attendance,1,893,96,25,23015
455,Campaign_455,Email,2020-01-16 22:03:55.0000000,2020-04-14 22:03:55.0000000,40556,Lead Generation,0,951,102,20,14996
456,Campaign_456,Email,2019-08-01 11:48:02.0000000,2019-09-07 11:48:02.0000000,507,Engagement Boost,1,1023,110,22,20384
457,Campaign_457,Paid Ads,2021-06-21 08:54:46.0000000,2021-08-29 08:54:46.0000000,945,Event Attendance,1,873,97,19,9983
458,Campaign_458,Paid Ads,2021-10-04 20:05:34.0000000,2022-01-06 20:05:34.0000000,22275,Lead Generation,1,857,98,31,28813
459,Campaign_459,Social Media,2018-01-29 23:29:31.0000000,2018-05-18 23:29:31.0000000,574,Brand Awareness,1,1076,109,27,21172
460,Campaign_460,Paid Ads,2020-03-24 12:04:49.0000000,2020-06-21 12:04:49.0000000,1231,Member Conversion,0,871,92,24,15922
461,Campaign_461,Conference,2022-04-14 23:24:49.0000000,2022-05-14 23:24:49.0000000,328,Member Conversion,1,970,101,31,24546
462,Campaign_462,Email,2018-02-18 10:10:39.0000000,2018-03-12 10:10:39.0000000,1214,Member Conversion,0,920,92,21,16707
463,Campaign_463,Email,2020-02-24 10:26:30.0000000,2020-03-13 10:26:30.0000000,868,Brand Awareness,1,1040,114,37,28143
464,Campaign_464,Conference,2024-05-26 16:22:22.0000000,2024-09-21 16:22:22.0000000,351,Lead Generation,1,1159,122,36,22610
465,Campaign_465,Email,2022-11-22 16:48:21.0000000,2022-12-10 16:48:21.0000000,18669,Brand Awareness,0,1080,122,35,28228
466,Campaign_466,Paid Ads,2020-02-18 02:21:38.0000000,2020-04-28 02:21:38.0000000,42380,Member Conversion,0,932,106,17,14373
467,Campaign_467,Webinar,2021-10-28 18:14:48.0000000,2021-12-06 18:14:48.0000000,11710,Event Attendance,1,1043,104,21,19514
468,Campaign_468,Webinar,2022-02-02 09:02:49.0000000,2022-04-24 09:02:49.0000000,285,Engagement Boost,1,789,89,15,13893
469,Campaign_469,Email,2023-10-21 21:01:50.0000000,2024-02-08 21:01:50.0000000,1698,Brand Awareness,1,900,95,22,19460
470,Campaign_470,Email,2024-01-14 04:44:45.0000000,2024-04-04 04:44:45.0000000,56320,Brand Awareness,1,861,101,24,15112
471,Campaign_471,Webinar,2022-12-22 11:24:44.0000000,2023-02-01 11:24:44.0000000,510,Lead Generation,0,1064,106,31,22015
472,Campaign_472,Email,2021-08-07 00:23:49.0000000,2021-11-22 00:23:49.0000000,43006,Lead Generation,1,1003,104,26,21667
473,Campaign_473,Webinar,2021-11-09 10:53:45.0000000,2021-12-25 10:53:45.0000000,3474,Brand Awareness,1,807,83,21,11131
474,Campaign_474,Conference,2024-07-09 08:26:33.0000000,2024-09-11 08:26:33.0000000,2493,Member Conversion,1,931,97,27,19439
475,Campaign_475,Referral,2022-02-25 04:13:09.0000000,2022-05-11 04:13:09.0000000,33625,Engagement Boost,0,954,106,23,22308
476,Campaign_476,Email,2018-01-13 11:53:20.0000000,2018-03-19 11:53:20.0000000,9705,Lead Generation,0,1220,119,30,23420
477,Campaign_477,Social Media,2023-01-31 14:07:47.0000000,2023-03-05 14:07:47.0000000,502,Member Conversion,1,1025,108,23,14679
478,Campaign_478,Paid Ads,2023-04-15 11:38:17.0000000,2023-05-20 11:38:17.0000000,743,Event Attendance,0,873,94,20,13327
479,Campaign_479,Paid Ads,2019-05-18 02:26:13.0000000,2019-06-06 02:26:13.0000000,787,Lead Generation,1,970,104,22,17871
480,Campaign_480,Email,2024-06-28 17:09:09.0000000,2024-10-02 17:09:09.0000000,1486,Member Conversion,1,1044,101,28,24186
481,Campaign_481,Conference,2023-01-18 09:03:38.0000000,2023-05-04 09:03:38.0000000,12055,Member Conversion,0,841,83,17,12825
482,Campaign_482,Email,2018-04-13 10:17:31.0000000,2018-06-08 10:17:31.0000000,6440,Engagement Boost,0,964,101,20,15296
483,Campaign_483,Paid Ads,2019-12-05 11:05:08.0000000,2020-02-18 11:05:08.0000000,35659,Engagement Boost,0,1047,106,26,22566
484,Campaign_484,Email,2021-01-10 17:14:08.0000000,2021-02-15 17:14:08.0000000,1000,Event Attendance,1,995,107,34,23555
485,Campaign_485,Social Media,2020-02-03 23:55:51.0000000,2020-03-09 23:55:51.0000000,1224,Member Conversion,1,976,96,22,16845
486,Campaign_486,Conference,2020-09-20 21:14:28.0000000,2020-12-13 21:14:28.0000000,1370,Member Conversion,0,950,104,28,23158
487,Campaign_487,Conference,2020-12-06 21:42:19.0000000,2020-12-21 21:42:19.0000000,1276,Engagement Boost,1,850,95,16,11036
488,Campaign_488,Email,2021-11-08 20:17:47.0000000,2021-11-27 20:17:47.0000000,50287,Lead Generation,1,871,93,27,16504
489,Campaign_489,Email,2021-10-11 13:13:15.0000000,2022-02-07 13:13:15.0000000,18380,Lead Generation,1,1070,109,26,21203
490,Campaign_490,Webinar,2020-09-09 12:45:26.0000000,2020-10-05 12:45:26.0000000,560,Brand Awareness,0,1038,102,32,23253
491,Campaign_491,Paid Ads,2021-02-09 18:04:51.0000000,2021-05-24 18:04:51.0000000,601,Engagement Boost,1,1013,114,29,21819
492,Campaign_492,Email,2022-01-07 14:24:05.0000000,2022-03-08 14:24:05.0000000,4291,Brand Awareness,1,908,101,20,15171
493,Campaign_493,Webinar,2018-12-09 00:12:15.0000000,2019-01-26 00:12:15.0000000,1509,Engagement Boost,0,1002,101,30,20760
494,Campaign_494,Referral,2022-04-08 15:32:03.0000000,2022-06-10 15:32:03.0000000,703,Event Attendance,1,910,89,27,18992
495,Campaign_495,Conference,2022-12-13 03:54:05.0000000,2023-03-15 03:54:05.0000000,774,Member Conversion,1,951,101,28,22043
496,Campaign_496,Conference,2023-07-13 23:35:10.0000000,2023-10-25 23:35:10.0000000,10704,Event Attendance,1,1025,115,34,27154
497,Campaign_497,Referral,2019-08-21 03:07:14.0000000,2019-10-19 03:07:14.0000000,68576,Engagement Boost,1,915,93,25,19161
498,Campaign_498,Email,2019-09-10 21:27:18.0000000,2019-10-21 21:27:18.0000000,9848,Member Conversion,1,1050,109,31,26796
499,Campaign_499,Webinar,2019-10-26 18:51:19.0000000,2020-01-21 18:51:19.0000000,1312,Lead Generation,1,1161,120,30,25268
500,Campaign_500,Referral,2023-04-03 09:15:31.0000000,2023-05-13 09:15:31.0000000,5783,Lead Generation,0,981,89,15,13899
501,Campaign_501,Email,2018-05-24 21:09:55.0000000,2021-06-27 03:17:07.0000000,719,Event Attendance,1,1,105,32,16560
502,Campaign_502,Social Media,2021-01-10 17:14:08.0000000,2023-01-10 22:19:28.0000000,7353,Lead Generation,0,1,117,26,20556
503,Campaign_503,Conference,2019-02-16 14:30:19.0000000,2022-03-22 13:05:47.0000000,575,Lead Generation,0,1,103,26,17881
504,Campaign_504,Paid Ads,2021-09-02 06:01:51.0000000,2019-06-03 01:14:07.0000000,3709,Lead Generation,0,1,91,26,15527
505,Campaign_505,Paid Ads,2022-10-06 01:35:55.0000000,2021-09-10 13:19:22.0000000,15326,Event Attendance,1,1,85,16,8233
506,Campaign_506,Email,2019-02-12 13:31:38.0000000,2024-05-29 10:48:46.0000000,54163,Member Conversion,1,1,100,13,11530
507,Campaign_507,Paid Ads,2019-08-01 11:48:02.0000000,2023-07-17 13:30:11.0000000,358,Event Attendance,1,1,89,17,12699
508,Campaign_508,Paid Ads,2018-02-18 10:10:39.0000000,2024-09-04 12:30:17.0000000,517,Brand Awareness,0,1,96,20,15821
509,Campaign_509,Email,2024-06-10 18:51:41.0000000,2022-02-24 20:33:57.0000000,666,Event Attendance,1,1,86,19,16993
510,Campaign_510,Conference,2024-07-21 13:43:59.0000000,2018-11-21 19:23:07.0000000,8224,Engagement Boost,1,1,98,16,10688
511,Campaign_511,Webinar,2023-11-08 06:08:52.0000000,2023-03-13 09:50:19.0000000,56320,Brand Awareness,0,1,99,33,25435
512,Campaign_512,Website,2024-12-08 21:47:04.0000000,2024-07-22 03:08:31.0000000,8276,Brand Awareness,1,1,101,20,11691
513,Campaign_513,Email,2022-08-22 14:15:54.0000000,2022-08-31 01:41:26.0000000,1309,Member Conversion,0,1,101,33,18103
514,Campaign_514,Social Media,2023-06-15 20:00:12.0000000,2022-10-21 01:50:05.0000000,715,Lead Generation,0,1,115,27,16804
515,Campaign_515,Webinar,2022-09-28 22:19:28.0000000,2018-03-22 13:17:48.0000000,6445,Brand Awareness,1,1,98,21,19671
516,Campaign_516,Paid Ads,2020-06-23 01:29:33.0000000,2022-04-10 15:59:52.0000000,7598,Lead Generation,0,1,89,24,17820
517,Campaign_517,Conference,2020-01-26 17:08:06.0000000,2024-07-26 01:43:07.0000000,28821,Engagement Boost,1,1,100,19,11624
518,Campaign_518,Email,2019-07-20 23:28:03.0000000,2023-04-09 22:45:32.0000000,5633,Event Attendance,1,1,97,22,14457
519,Campaign_519,Paid Ads,2019-08-25 03:34:26.0000000,2023-04-14 01:15:52.0000000,1156,Lead Generation,1,1,90,20,11038
520,Campaign_520,Webinar,2023-04-05 15:20:54.0000000,2022-08-31 01:41:26.0000000,351,Brand Awareness,1,1,99,31,23498
521,Campaign_521,Paid Ads,2018-09-03 08:54:56.0000000,2023-10-26 12:16:48.0000000,50229,Brand Awareness,0,1,89,24,13147
522,Campaign_522,Social Media,2024-07-21 13:43:59.0000000,2024-06-07 06:26:36.0000000,605,Engagement Boost,1,1,111,30,26081
523,Campaign_523,Webinar,2024-03-18 11:06:37.0000000,2022-04-29 01:28:31.0000000,1038,Member Conversion,1,1,109,31,24983
524,Campaign_524,Email,2020-09-26 08:14:24.0000000,2023-05-24 06:51:41.0000000,20525,Brand Awareness,1,1,108,25,18823
525,Campaign_525,Email,2018-12-09 00:12:15.0000000,2018-06-15 06:53:28.0000000,69212,Event Attendance,0,1,93,32,21167
526,Campaign_526,Webinar,2019-01-06 22:30:03.0000000,2018-08-30 21:09:55.0000000,710,Brand Awareness,1,1,112,22,19398
527,Campaign_527,Email,2023-07-03 23:09:14.0000000,2023-05-26 06:55:47.0000000,1344,Event Attendance,1,1,105,23,18224
528,Campaign_528,Email,2020-10-19 16:02:31.0000000,2019-08-21 21:17:56.0000000,17201,Member Conversion,1,1,101,29,19400
529,Campaign_529,Website,2019-02-16 19:40:25.0000000,2024-10-27 17:56:17.0000000,427,Lead Generation,0,1,115,26,20526
530,Campaign_530,Paid Ads,2024-08-01 05:16:18.0000000,2021-12-25 10:53:45.0000000,11540,Engagement Boost,0,1,89,28,18022
531,Campaign_531,Email,2022-08-14 05:18:09.0000000,2021-06-27 03:17:07.0000000,1038,Lead Generation,1,1,120,31,23665
532,Campaign_532,Paid Ads,2022-01-06 20:33:57.0000000,2024-01-19 06:08:52.0000000,1460,Member Conversion,1,1,114,33,26621
533,Campaign_533,Paid Ads,2022-03-21 17:54:26.0000000,2020-05-24 10:50:16.0000000,933,Brand Awareness,1,1,98,20,16726
534,Campaign_534,Conference,2018-09-09 14:42:36.0000000,2022-12-19 11:30:04.0000000,28049,Lead Generation,1,1,101,22,14095
535,Campaign_535,Webinar,2024-12-25 04:19:53.0000000,2024-05-15 13:57:53.0000000,18380,Event Attendance,0,1,101,25,23441
536,Campaign_536,Email,2022-01-07 14:24:05.0000000,2020-10-27 19:05:03.0000000,1956,Brand Awareness,1,1,93,22,13788
537,Campaign_537,Social Media,2020-07-03 13:41:53.0000000,2018-08-30 21:09:55.0000000,996,Member Conversion,0,1,103,28,17399
538,Campaign_538,Paid Ads,2021-08-07 00:23:49.0000000,2019-09-28 20:00:50.0000000,16939,Member Conversion,0,1,82,22,21643
539,Campaign_539,Email,2020-10-25 17:59:35.0000000,2019-10-24 12:49:47.0000000,43001,Brand Awareness,1,1,108,34,21875
540,Campaign_540,Referral,2023-12-20 08:39:25.0000000,2022-05-14 23:24:49.0000000,7563,Brand Awareness,1,1,103,28,13806
541,Campaign_541,Webinar,2019-10-26 18:51:19.0000000,2019-05-21 15:54:14.0000000,8895,Engagement Boost,1,1,97,25,19477
542,Campaign_542,Email,2018-04-10 08:49:37.0000000,2022-08-05 12:40:36.0000000,30338,Lead Generation,1,1,90,23,16854
543,Campaign_543,Email,2018-05-28 01:43:55.0000000,2023-03-10 12:43:50.0000000,4056,Engagement Boost,0,1,90,23,15684
544,Campaign_544,Email,2024-03-06 10:05:00.0000000,2021-02-11 10:54:19.0000000,9705,Engagement Boost,1,1,106,26,20740
545,Campaign_545,Conference,2019-01-29 12:18:53.0000000,2019-09-07 11:48:02.0000000,5125,Event Attendance,1,1,113,34,23176
546,Campaign_546,Paid Ads,2019-08-07 08:49:03.0000000,2020-10-14 09:21:36.0000000,3474,Member Conversion,1,1,93,31,19908
547,Campaign_547,Social Media,2018-05-12 02:10:37.0000000,2022-09-28 23:17:52.0000000,2035,Member Conversion,1,1,80,25,16709
548,Campaign_548,Paid Ads,2024-04-01 20:26:09.0000000,2021-09-11 19:16:24.0000000,356,Event Attendance,1,1,104,31,25669
549,Campaign_549,Email,2020-09-09 12:45:26.0000000,2022-08-09 08:28:46.0000000,5619,Member Conversion,1,1,99,17,12792
550,Campaign_550,Paid Ads,2021-05-25 03:17:07.0000000,2020-05-24 10:50:16.0000000,743,Member Conversion,1,1,114,29,22934
551,Campaign_551,Webinar,2019-01-06 22:30:03.0000000,2024-04-11 11:24:31.0000000,321,Lead Generation,0,1,99,27,18746
552,Campaign_552,Paid Ads,2023-08-12 12:16:48.0000000,2021-07-08 08:27:46.0000000,13718,Brand Awareness,1,1,95,25,23162
553,Campaign_553,Email,2019-08-18 01:42:35.0000000,2019-05-23 11:33:23.0000000,11090,Lead Generation,0,1,102,23,13312
554,Campaign_554,Webinar,2022-05-02 04:49:01.0000000,2019-08-04 03:03:28.0000000,20525,Event Attendance,1,1,121,36,27142
555,Campaign_555,Social Media,2022-01-25 02:54:47.0000000,2020-03-13 10:26:30.0000000,715,Event Attendance,1,1,97,27,18058
556,Campaign_556,Webinar,2021-02-07 12:26:08.0000000,2019-04-03 14:30:55.0000000,17201,Brand Awareness,1,1,110,23,16524
557,Campaign_557,Social Media,2019-01-11 20:49:43.0000000,2020-07-24 09:19:49.0000000,1465,Engagement Boost,0,1,111,34,21156
558,Campaign_558,Webinar,2024-05-08 18:18:39.0000000,2024-09-04 12:30:17.0000000,5783,Engagement Boost,0,1,91,24,16721
559,Campaign_559,Email,2024-02-18 04:36:02.0000000,2020-01-29 21:38:23.0000000,770,Member Conversion,1,1,83,27,18203
560,Campaign_560,Paid Ads,2024-01-19 13:35:58.0000000,2021-11-22 00:23:49.0000000,14197,Member Conversion,0,1,95,15,11061
561,Campaign_561,Webinar,2024-06-19 01:43:07.0000000,2019-05-21 15:54:14.0000000,6876,Brand Awareness,1,1,101,18,6431
562,Campaign_562,Paid Ads,2022-09-17 08:43:16.0000000,2023-10-20 22:37:23.0000000,659,Lead Generation,1,1,125,30,30714
563,Campaign_563,Paid Ads,2024-11-24 19:39:54.0000000,2024-11-18 01:12:40.0000000,3927,Event Attendance,1,1,112,33,20970
564,Campaign_564,Webinar,2020-03-18 04:06:12.0000000,2021-09-11 19:16:24.0000000,37857,Brand Awareness,0,1,95,19,12156
565,Campaign_565,Email,2019-02-03 11:33:23.0000000,2019-10-19 03:07:14.0000000,1146,Brand Awareness,0,1,99,20,15565
566,Campaign_566,Paid Ads,2022-07-21 07:22:42.0000000,2020-10-16 04:14:51.0000000,44062,Brand Awareness,1,1,82,19,13022
567,Campaign_567,Email,2023-10-10 06:17:44.0000000,2019-11-21 09:42:41.0000000,7068,Engagement Boost,1,1,106,26,19262
568,Campaign_568,Paid Ads,2022-02-25 04:13:09.0000000,2021-04-09 12:26:08.0000000,947,Event Attendance,1,1,111,30,23278
569,Campaign_569,Social Media,2022-12-08 06:31:23.0000000,2024-10-17 23:33:12.0000000,42701,Engagement Boost,1,1,90,22,15609
570,Campaign_570,Email,2021-05-25 23:07:44.0000000,2022-05-28 16:51:30.0000000,552,Engagement Boost,1,1,94,22,16190
571,Campaign_571,Email,2024-12-16 15:59:44.0000000,2019-08-14 10:57:07.0000000,13718,Brand Awareness,1,1,110,33,27501
572,Campaign_572,Email,2024-01-09 20:16:25.0000000,2024-11-18 01:12:40.0000000,11540,Lead Generation,1,1,102,34,28379
573,Campaign_573,Paid Ads,2019-04-19 00:43:12.0000000,2024-03-07 20:16:25.0000000,3927,Event Attendance,1,1,115,28,21985
574,Campaign_574,Conference,2018-02-18 10:10:39.0000000,2024-11-18 01:12:40.0000000,1216,Engagement Boost,1,1,102,24,12687
575,Campaign_575,Webinar,2021-07-20 07:06:33.0000000,2024-09-20 11:37:59.0000000,1147,Member Conversion,1,1,93,21,12953
576,Campaign_576,Paid Ads,2024-10-28 08:25:30.0000000,2018-05-26 08:49:37.0000000,43946,Member Conversion,1,1,101,29,18752
577,Campaign_577,Email,2022-12-03 10:45:16.0000000,2018-11-21 19:23:07.0000000,1298,Engagement Boost,1,1,99,25,19671
578,Campaign_578,Social Media,2020-08-22 23:48:57.0000000,2024-11-18 01:12:40.0000000,415,Engagement Boost,0,1,94,19,14168
579,Campaign_579,Webinar,2020-07-01 08:22:14.0000000,2019-11-15 21:17:16.0000000,221,Brand Awareness,1,1,101,16,13940
580,Campaign_580,Paid Ads,2020-02-08 08:27:20.0000000,2024-06-29 23:14:46.0000000,4511,Brand Awareness,1,1,96,22,10832
581,Campaign_581,Social Media,2022-12-31 12:43:50.0000000,2018-10-18 22:01:50.0000000,2712,Lead Generation,1,1,100,20,17980
582,Campaign_582,Email,2020-09-29 19:05:03.0000000,2018-12-04 17:24:40.0000000,1117,Brand Awareness,0,1,94,24,17881
583,Campaign_583,Paid Ads,2022-06-01 19:48:45.0000000,2022-12-28 17:08:40.0000000,4808,Brand Awareness,0,1,93,18,8542
584,Campaign_584,Conference,2018-10-02 03:22:27.0000000,2020-03-09 23:55:51.0000000,15491,Brand Awareness,1,1,104,23,19014
585,Campaign_585,Referral,2020-10-19 16:02:31.0000000,2020-10-16 02:05:19.0000000,507,Brand Awareness,1,1,107,34,28494
586,Campaign_586,Email,2022-11-16 00:40:31.0000000,2020-05-24 10:50:16.0000000,710,Event Attendance,0,1,102,29,28178
587,Campaign_587,Webinar,2019-12-09 14:20:38.0000000,2022-12-19 11:30:04.0000000,1243,Brand Awareness,1,1,102,24,12605
588,Campaign_588,Email,2020-09-26 08:14:24.0000000,2021-11-07 10:20:18.0000000,771,Brand Awareness,1,1,86,16,10063
589,Campaign_589,Referral,2022-04-14 23:24:49.0000000,2020-12-28 08:30:24.0000000,7631,Lead Generation,0,1,87,19,18047
590,Campaign_590,Paid Ads,2020-02-13 13:16:12.0000000,2024-06-29 23:14:46.0000000,37857,Engagement Boost,1,1,95,22,19470
591,Campaign_591,Paid Ads,2020-10-25 17:59:35.0000000,2019-11-01 23:28:03.0000000,46688,Engagement Boost,1,1,118,32,24073
592,Campaign_592,Email,2023-01-02 19:29:44.0000000,2019-05-23 11:33:23.0000000,1465,Brand Awareness,1,1,91,26,17815
593,Campaign_593,Email,2021-05-25 03:17:07.0000000,2020-10-13 23:48:57.0000000,3474,Lead Generation,1,1,96,20,11596
594,Campaign_594,Social Media,2023-04-29 09:57:21.0000000,2024-09-04 12:30:17.0000000,13718,Engagement Boost,0,1,98,25,21836
595,Campaign_595,Email,2019-10-22 09:42:41.0000000,2021-02-11 10:54:19.0000000,31411,Engagement Boost,1,1,98,23,13459
596,Campaign_596,Email,2019-11-11 21:38:23.0000000,2022-08-21 11:15:01.0000000,50229,Lead Generation,1,1,100,24,21800
597,Campaign_597,Email,2021-04-23 18:04:18.0000000,2022-10-06 15:44:32.0000000,2503,Engagement Boost,1,1,87,24,17599
598,Campaign_598,Conference,2019-06-17 01:05:57.0000000,2021-02-16 02:33:38.0000000,48006,Engagement Boost,1,1,100,21,22160
599,Campaign_599,Social Media,2020-02-03 23:55:51.0000000,2018-12-18 13:10:09.0000000,2001,Engagement Boost,0,1,109,28,20107
600,Campaign_600,Webinar,2024-01-19 13:35:58.0000000,2021-03-18 04:48:00.0000000,7563,Lead Generation,1,1,108,22,15889
